sku,referencia,nombre,precio,tipo
SET 009 N,SET 009,SET KRALOVE,144.903 ,NORMAL
TAZ 024 S,TAZ 024,TAZA KINSALE,23.332 ,NORMAL
BBQ 009,BBQ 009,ASADOR KAOKO,137.293 ,NORMAL
DAM 773,DAM 773,SET DE MANICURE Y BROCHAS YOUNG,38.022 ,NORMAL
HL 6280 BE,HL 6280,PROGRAMADOR PRISTINA BEIGE,22.160 ,NORMAL
87200,87200,LICORERA BRISTOL,47.382 ,NORMAL
SLD 009 B,SLD 009,PORTA GAFETE DOCTOR,3.967 ,NORMAL
98641,98641,SET PARA VINOS PAMPLONA,111.018 ,NORMAL
TMPS 16,TMPS 16.,TERMO TRAVEL MUG,20.883 ,NORMAL
M 80200,M 80200,CARPETA NATURE,14.798 ,NORMAL
HER 049 N,HER 049,FLEXÓMETRO BOUGAINVILLE,7.947 ,NORMAL
PT 2164,PT 2164,PASTILLERO JANS,3.923 ,NORMAL
BBQ 002,BBQ 002,ASADOR CON HIELERA CAMPING,124.538 ,NORMAL
TMPS 24 A,TMPS 24,VASO EMBASSY AZUL,19.657 ,NORMAL
TMPS 24 B,TMPS 24,VASO EMBASSY TRANSPARENTE,19.657 ,NORMAL
Z 1070 S,Z 1070,BOCINA QUIME,75.777 ,NORMAL
SIN 047 A,SIN 047,BOLSA CARNAVAL AZUL,7.372 ,NORMAL
SIN 047 D,SIN 047,BOLSA CARNAVAL DORADO,7.372 ,NORMAL
SIN 047 R,SIN 047,BOLSA CARNAVAL ROJO,7.372 ,NORMAL
SIN 047 S,SIN 047,BOLSA CARNAVAL PLATA,7.372 ,NORMAL
SIN 047 V,SIN 047,BOLSA CARNAVAL VERDE,7.372 ,NORMAL
AUD 022 B,AUD 022,AUDÍFONOS SARAJEVO BLANCO,36.497 ,NORMAL
SH 1600 A,SH 1600,BOLÍGRAFO COEL AZUL,2.205 ,NORMAL
SH 1600 B,SH 1600,BOLÍGRAFO COEL BLANCO,2.205 ,NORMAL
SH 1600 R,SH 1600,BOLÍGRAFO COEL ROJO,2.205 ,NORMAL
ANF 010 A,ANF 010,CILINDRO MILO AZUL TRANSLÚCIDO,27.882 ,NORMAL
ANF 010 N,ANF 010,CILINDRO MILO NEGRO TRANSLÚCIDO,27.882 ,NORMAL
ANF 010 O,ANF 010,CILINDRO MILO NARANJA TRANSLÚCIDO,27.882 ,NORMAL
ANF 010 R,ANF 010,CILINDRO MILO ROJO TRANSLÚCIDO,27.882 ,NORMAL
ANF 010 V,ANF 010,CILINDRO MILO VERDE TRANSLÚCIDO,27.882 ,NORMAL
ANF 010 Y,ANF 010,CILINDRO MILO AMARILLO TRANSLÚCIDO,27.882 ,NORMAL
JM 040 BE,JM 040,TORRE DE BLOQUES ZINDER,35.575 ,NORMAL
SOC 011-01,SOC 011-01,PELOTA ANTI-STRESS FÚTBOL,4.207 ,NORMAL
SIN 189 G,SIN 189,MOCHILA IPORA GRIS,133.163 ,NORMAL
SOC 013 P,SOC 013,PELOTA ANTI-STRESS LISA ROSA,4.287 ,NORMAL
SOC 013 S,SOC 013,PELOTA ANTI-STRESS LISA PLATA,4.287 ,NORMAL
SOC 013 A,SOC 013,PELOTA ANTI-STRESS LISA AZUL,4.085 ,NORMAL
SH 2045 A,SH 2045,BOLÍGRAFO ALSAFI AZUL,1.145 ,NORMAL
SH 2045 B,SH 2045,BOLÍGRAFO ALSAFI BLANCO,1.145 ,NORMAL
SH 2045 R,SH 2045,BOLÍGRAFO ALSAFI ROJO,1.145 ,NORMAL
SH 2045 V,SH 2045,BOLÍGRAFO ALSAFI VERDE,1.145 ,NORMAL
HL 6230 BE,HL 6230,PORTA NOTAS ANSER,18.147 ,NORMAL
HER 015 S,HER 015,MINI PINZAS QUARK,21.292 ,NORMAL
INF 030 B.,INF 030,ALCANCÍA CASITA,9.055 ,NORMAL
TMPS 103 A,TMPS 103,CILINDRO BANNAYA AZUL,21.442 ,NORMAL
TMPS 103 G,TMPS 103,CILINDRO BANNAYA GRIS,21.442 ,NORMAL
TMPS 103 R,TMPS 103,CILINDRO BANNAYA ROJO,21.442 ,NORMAL
TAZ 018 B,TAZ 018,TAZA ATBARA,102.212 ,NORMAL
GEL 050 A,GEL 050,BOLÍGRAFO HIDROGEL AZUL,2.563 ,NORMAL
GEL 050 N,GEL 050,BOLÍGRAFO HIDROGEL NEGRO,2.563 ,NORMAL
GEL 050 R,GEL 050,BOLÍGRAFO HIDROGEL ROJO,2.563 ,NORMAL
GEL 050 V,GEL 050,BOLÍGRAFO HIDROGEL VERDE,2.563 ,NORMAL
SH 3450 B,SH 3450,BOLÍGRAFO CITADEL,2.052 ,NORMAL
ECO 015 Y,ECO 015,BOLÍGRAFO KATMAI AMARILLO,1.962 ,NORMAL
ECO 035 A,ECO 035,BOLÍGRAFO ZAMBEZE AZUL,1.620 ,NORMAL
ECO 035 O,ECO 035,BOLÍGRAFO ZAMBEZE NARANJA,1.620 ,NORMAL
EST 090 G,EST 090,SET FAYUN GRIS,26.850 ,NORMAL
EST 015 B,EST 015,SET COBALT BLANCO,18.065 ,NORMAL
EST 050 S,EST 050,SET ARIZE PLATA,15.590 ,NORMAL
EST 040 N,EST 040,SET CADMIO,22.623 ,NORMAL
EST 035 BE,EST 035,SET GUAMA,28.965 ,NORMAL
SH 9011 A,SH 9011,BOLÍGRAFO WILDE AZUL,5.258 ,NORMAL
SH 9011 G,SH 9011,BOLÍGRAFO WILDE GRIS,5.258 ,NORMAL
SH 9011 N,SH 9011,BOLÍGRAFO WILDE NEGRO,5.258 ,NORMAL
SH 9011 R,SH 9011,BOLÍGRAFO WILDE ROJO,5.258 ,NORMAL
SH 8035 S,SH 8035,BOLÍGRAFO VALTICE PLATA,7.595 ,NORMAL
DPO 024 A,DPO 024,LLAVERO TIATU AZUL,2.188 ,NORMAL
DPO 024 R,DPO 024,LLAVERO TIATU ROJO,2.188 ,NORMAL
DPO 024 S,DPO 024,LLAVERO TIATU PLATA,2.188 ,NORMAL
DPO 031 A,DPO 031,LLAVERO DESTAPADOR CON LUZ ARÁN AZUL,3.062 ,NORMAL
DPO 031 B,DPO 031,LLAVERO DESTAPADOR CON LUZ ARÁN BLANCO,3.062 ,NORMAL
DPO 031 R,DPO 031,LLAVERO DESTAPADOR CON LUZ ARÁN ROJO,3.062 ,NORMAL
DPO 031 Y,DPO 031,LLAVERO DESTAPADOR CON LUZ ARÁN AMARILLO,3.062 ,NORMAL
DPO 031 N,DPO 031,LLAVERO DESTAPADOR CON LUZ ARÁN NEGRO,3.062 ,NORMAL
DPO 029 A,DPO 029,LLAVERO DESTAPADOR CON LUZ KAZAN AZUL,6.815 ,NORMAL
DPO 029 B,DPO 029,LLAVERO DESTAPADOR CON LUZ KAZAN BLANCO,6.815 ,NORMAL
DPO 029 R,DPO 029,LLAVERO DESTAPADOR CON LUZ KAZAN ROJO,6.815 ,NORMAL
M 2040,M 2040,LLAVERO LOVE,11.598 ,NORMAL
M 6850 A,M 6850,LLAVERO SURAT AZUL,11.170 ,NORMAL
M 6850 N,M 6850,LLAVERO SURAT NEGRO,11.170 ,NORMAL
M 6850 R,M 6850,LLAVERO SURAT ROJO,11.170 ,NORMAL
M 3000 A,M 3000,LLAVERO ASIS AZUL,8.700 ,NORMAL
M 3450 A,M 3450,LLAVERO BURU AZUL,6.553 ,NORMAL
M 3450 N,M 3450,LLAVERO BURU NEGRO,6.553 ,NORMAL
M 3450 R,M 3450,LLAVERO BURU ROJO,6.553 ,NORMAL
M 5813 A,M 5813,LLAVERO CASPIO AZUL,7.258 ,NORMAL
M 5813 N,M 5813,LLAVERO CASPIO NEGRO,7.258 ,NORMAL
M 5813 R,M 5813,LLAVERO CASPIO ROJO,7.258 ,NORMAL
M 5813 V,M 5813,LLAVERO CASPIO VERDE,7.258 ,NORMAL
M 5813 Y,M 5813,LLAVERO CASPIO AMARILLO,7.258 ,NORMAL
M 63280,M 63280,LLAVERO LABORO,6.637 ,NORMAL
M 63282,M 63282,LLAVERO SQUARE,6.637 ,NORMAL
M 63283,M 63283,LLAVERO RUBENS,6.780 ,NORMAL
M 2020,M 2020,LLAVERO CASA RUMA,11.613 ,NORMAL
M 2050 N,M 2050,LLAVERO PUERQUITO CON PLACA,11.342 ,NORMAL
M 2080 N,M 2080,LLAVERO AUTO CON PLACA,11.613 ,NORMAL
M 63287-01,M 63287,LLAVERO SVART CASA,8.088 ,NORMAL
M 63287-02,M 63287,LLAVERO SVART CARRO,8.088 ,NORMAL
M 2035,M 2035,LLAVERO LEGACY,11.613 ,NORMAL
M 63273 N,M 63273,LLAVERO BRISBANE NEGRO,10.170 ,NORMAL
M 63285 BE,M 63285,LLAVERO LÍBANO BEIGE,10.287 ,NORMAL
M 2060 N,M 2060,LLAVERO CASA CON PLACA,11.613 ,NORMAL
M 63270 S,M 63270,LLAVERO CARRO ELEUSIS PLATA,6.855 ,NORMAL
M 63271 S,M 63271,LLAVERO CAMION ETRETRIA PLATA,6.048 ,NORMAL
M 2310 A,M 2310,LLAVERO DARINI AZUL,9.622 ,NORMAL
M 2310 N,M 2310,LLAVERO DARINI NEGRO,9.622 ,NORMAL
M 2310 R,M 2310,LLAVERO DARINI ROJO,9.622 ,NORMAL
M 63275 S,M 63275,LLAVERO SOPRON PLATA,14.188 ,NORMAL
M 7575 C,M 7575,LLAVERO GALICIA,9.173 ,NORMAL
M 7676 N,M 7676,LLAVERO CARSON,13.202 ,NORMAL
M 83230,M 83230,TARJETERO KALI GRIS,22.518 ,NORMAL
M 83500 S,M 83500,TARJETERO SAVE,8.012 ,NORMAL
M 83964,M 83964,TARJETERO VEKONY,6.812 ,NORMAL
M 83400 N,M 83400,TARJETERO KOZE,24.065 ,NORMAL
HL 6035 A,HL 6035,PORTA NOTAS VENTALL AZUL,3.935 ,NORMAL
HL 6560 A,HL 6560,BLOCK DE NOTAS ADDAR AZUL,8.845 ,NORMAL
HL 6560 N,HL 6560,BLOCK DE NOTAS ADDAR NEGRO,8.845 ,NORMAL
HL 6560 R,HL 6560,BLOCK DE NOTAS ADDAR ROJO,8.845 ,NORMAL
HL 6015 BE,HL 6015,SEPARADOR ECOLÓGICO KIKORI BEIGE,2.388 ,NORMAL
HL 6530 BE,HL 6530,PORTA NOTAS AZALAI,9.632 ,NORMAL
HL 6520,HL 6520,PORTA NOTAS BOX NOTES,6.712 ,NORMAL
HL 6655,HL 6655,ESTUCHE CON PORTA NOTAS - CALENDARIO,9.852 ,NORMAL
HL 6270,HL 6270,PORTA NOTAS DOKKA,16.333 ,NORMAL
M 83900 B,M 83900,TARJETERO ANTIMICROBIANO,4.077 ,NORMAL
HL 2720 A,HL 2720,BLOCK DE NOTAS CON BOLÍGRAFO AZUL,4.842 ,NORMAL
HL 2720 B,HL 2720,BLOCK DE NOTAS CON BOLÍGRAFO BCO TRANSL.,4.842 ,NORMAL
HL 2720 R,HL 2720,BLOCK DE NOTAS CON BOLÍGRAFO ROJO,4.842 ,NORMAL
HL 2100 R,HL 2100,LIBRETA BOK ROJO,33.330 ,NORMAL
HL 2150 A,HL 2150,LIBRETA BORYSPIL AZUL,29.118 ,NORMAL
HL 2150 G,HL 2150,LIBRETA BORYSPIL GRIS,29.118 ,NORMAL
HL 2150 R,HL 2150,LIBRETA BORYSPIL ROJO,29.118 ,NORMAL
HL 9030 A,HL 9030,LIBRETA ESVA AZUL,34.828 ,NORMAL
HL 9030 N,HL 9030,LIBRETA ESVA NEGRO,34.828 ,NORMAL
HL 9015 G,HL 9015,LIBRETA QUERCUS GRIS,36.885 ,NORMAL
HL 9015 N,HL 9015,LIBRETA QUERCUS NEGRO,36.885 ,NORMAL
HL 2090 N,HL 2090,LIBRETA TABUK,33.785 ,NORMAL
M 80230 V,M 80230,CARPETA SKIN VERDE,14.700 ,NORMAL
M 80910 N,M 80910,CARPETA PORTA TABLET HAVAR,43.372 ,NORMAL
M 81300,M 81300,CARPETA RECORD,89.618 ,NORMAL
M 82724 N,M 82724,CARPETA HARBEL,50.458 ,NORMAL
M 6020 A,M 6020,CARPETA HAEDI AZUL,100.685 ,NORMAL
M 6020 G,M 6020,CARPETA HAEDI GRIS,100.685 ,NORMAL
M 80150 N,M 80150,CARPETA ONTARIO,59.485 ,NORMAL
CEL 040 S,CEL 040,CABLE BUCAREST,31.963 ,NORMAL
CEL 033 B,CEL 033,CABLE FERN BLANCO,13.035 ,NORMAL
CEL 035 N,CEL 035,CABLE COLLAN NEGRO,17.805 ,NORMAL
CRG 009 G,CRG 009,CARGADOR AURE,11.290 ,NORMAL
CEL 004 B,CEL 004,SOPORTE SNOW,3.952 ,NORMAL
CEL 044 B,CEL 044,SOPORTE KUTUBIA BLANCO,3.515 ,NORMAL
CEL 044 N,CEL 044,SOPORTE KUTUBIA NEGRO,3.515 ,NORMAL
CEL 034 B,CEL 034,SOPORTE VOON,5.777 ,NORMAL
CEL 037 A,CEL 037,SOPORTE TILPA AZUL,2.778 ,NORMAL
CEL 037 B,CEL 037,SOPORTE TILPA BLANCO,2.778 ,NORMAL
CEL 037 R,CEL 037,SOPORTE TILPA ROJO,2.778 ,NORMAL
CEL 019 B,CEL 019,FUNDA KEEP BLANCO,3.730 ,NORMAL
CEL 027 B,CEL 027,SOPORTE SEGINUS BLANCO,7.478 ,NORMAL
CEL 057 B,CEL 057,CARGADOR INALÁMBRICO AXE BLANCO,43.870 ,NORMAL
SLF 005 N,SLF 005,SELFIE STICK LITE,52.063 ,NORMAL
CD 100 A,CD 100,COMPU-CLEAN AZUL,3.777 ,NORMAL
CD 100 R,CD 100,COMPU-CLEAN ROJO,3.777 ,NORMAL
MOP 002 A,MOP 002,MOUSE PAD RECTANGULAR AZUL,4.448 ,NORMAL
MOP 002 B,MOP 002,MOUSE PAD RECTANGULAR BLANCO,4.448 ,NORMAL
MOP 002 R,MOP 002,MOUSE PAD RECTANGULAR ROJO,4.448 ,NORMAL
PAR 012 A,PAR 012,PARAGUAS ZLIN AZUL,23.620 ,NORMAL
PAR 012 N,PAR 012,PARAGUAS ZLIN NEGRO,23.620 ,NORMAL
PAR 012 O,PAR 012,PARAGUAS ZLIN NARANJA,23.620 ,NORMAL
PAR 012 R,PAR 012,PARAGUAS ZLIN ROJO,23.620 ,NORMAL
PAR 012 V,PAR 012,PARAGUAS ZLIN VERDE,23.620 ,NORMAL
PAR 016 A,PAR 016,PARAGUAS SABETTA AZUL,27.338 ,NORMAL
PAR 016 N,PAR 016,PARAGUAS SABETTA NEGRO,27.338 ,NORMAL
PAR 016 O,PAR 016,PARAGUAS SABETTA NARANJA,27.338 ,NORMAL
PAR 016 P,PAR 016,PARAGUAS SABETTA ROSA,27.338 ,NORMAL
PAR 016 R,PAR 016,PARAGUAS SABETTA ROJO,27.338 ,NORMAL
PAR 016 V,PAR 016,PARAGUAS SABETTA VERDE,27.338 ,NORMAL
PAR 018 A,PAR 018,PARAGUAS KARLOVY AZUL,62.270 ,NORMAL
PAR 018 N,PAR 018,PARAGUAS KARLOVY NEGRO,62.270 ,NORMAL
PAR 01 A,PAR 01,PARAGUAS FRYDEK AZUL,37.817 ,NORMAL
PAR 01 B,PAR 01,PARAGUAS FRYDEK BLANCO,37.817 ,NORMAL
PAR 01 N,PAR 01,PARAGUAS FRYDEK NEGRO,37.817 ,NORMAL
PAR 01 O,PAR 01,PARAGUAS FRYDEK NARANJA,37.817 ,NORMAL
PAR 01 R,PAR 01,PARAGUAS FRYDEK ROJO,37.817 ,NORMAL
PAR 01 V,PAR 01,PARAGUAS FRYDEK VERDE,37.817 ,NORMAL
PAR 01 Y,PAR 01,PARAGUAS FRYDEK AMARILLO,37.817 ,NORMAL
PAR 05 A,PAR 05,PARAGUAS SILVER TROPIC AZUL,43.943 ,NORMAL
PAR 05 N,PAR 05,PARAGUAS SILVER TROPIC NEGRO,43.943 ,NORMAL
PAR 05 R,PAR 05,PARAGUAS SILVER TROPIC ROJO,43.943 ,NORMAL
PAR 05 V,PAR 05,PARAGUAS SILVER TROPIC VERDE,43.943 ,NORMAL
PAR 026 A,PAR 026,PARAGUAS SUMMER AZUL,62.032 ,NORMAL
PAR 026 R,PAR 026,PARAGUAS SUMMER ROJO,62.032 ,NORMAL
SIN 057 A,SIN 057,HIELERA KOSTA AZUL,12.662 ,NORMAL
SIN 057 N,SIN 057,HIELERA KOSTA NEGRO,12.662 ,NORMAL
SIN 123 A,SIN 123,LONCHERA PRESTON AZUL,32.418 ,NORMAL
SIN 123 N,SIN 123,LONCHERA PRESTON NEGRO,32.418 ,NORMAL
SIN 123 R,SIN 123,LONCHERA PRESTON ROJO,32.418 ,NORMAL
SIN 123 V,SIN 123,LONCHERA PRESTON VERDE,32.418 ,NORMAL
SIN 225 N,SIN 225,LONCHERA TIMOR NEGRO,47.218 ,NORMAL
SIN 995 G,SIN 995,HIELERA CON SET DE PICNIC COLMAR,164.452 ,NORMAL
SIN 062 A,SIN 062,BOLSA TORBA AZUL,29.642 ,NORMAL
SIN 062 N,SIN 062,BOLSA TORBA NEGRO,29.642 ,NORMAL
SIN 062 R,SIN 062,BOLSA TORBA ROJO,29.642 ,NORMAL
SIN 043 A,SIN 043,BOLSA TOLEDO AZUL,2.675 ,NORMAL
SIN 043 B,SIN 043,BOLSA TOLEDO BLANCO,2.675 ,NORMAL
SIN 043 N,SIN 043,BOLSA TOLEDO NEGRO,2.675 ,NORMAL
SIN 043 O,SIN 043,BOLSA TOLEDO NARANJA,2.675 ,NORMAL
SIN 043 R,SIN 043,BOLSA TOLEDO ROJO,2.675 ,NORMAL
SIN 043 V,SIN 043,BOLSA TOLEDO VERDE,2.675 ,NORMAL
SIN 043 Y,SIN 043,BOLSA TOLEDO AMARILLO,2.675 ,NORMAL
SIN 112,SIN 112,BOLSA SPRING,17.843 ,NORMAL
SIN 041 A,SIN 041,BOLSA SHOPPER AZUL,6.533 ,NORMAL
SIN 041 N,SIN 041,BOLSA SHOPPER NEGRO,6.533 ,NORMAL
SIN 041 O,SIN 041,BOLSA SHOPPER NARANJA,6.533 ,NORMAL
SIN 041 R,SIN 041,BOLSA SHOPPER ROJO,6.533 ,NORMAL
SIN 041 V,SIN 041,BOLSA SHOPPER VERDE,6.533 ,NORMAL
SIN 021 A,SIN 021,BOLSA-MOCHILA PRISMA AZUL,7.250 ,NORMAL
SIN 021 B,SIN 021,BOLSA-MOCHILA PRISMA BLANCA,7.250 ,NORMAL
SIN 021 N,SIN 021,BOLSA-MOCHILA PRISMA NEGRO,7.250 ,NORMAL
SIN 021 O,SIN 021,BOLSA-MOCHILA PRISMA NARANJA,7.250 ,NORMAL
SIN 021 P,SIN 021,BOLSA-MOCHILA PRISMA ROSA,7.250 ,NORMAL
SIN 021 R,SIN 021,BOLSA-MOCHILA PRISMA ROJO,7.250 ,NORMAL
SIN 021 V,SIN 021,BOLSA-MOCHILA PRISMA VERDE,7.250 ,NORMAL
SIN 021 Y,SIN 021,BOLSA-MOCHILA PRISMA AMARILLO,7.250 ,NORMAL
SIN 054 A,SIN 054,BOLSA MOCHILA BRETÓN AZUL,8.468 ,NORMAL
SIN 054 R,SIN 054,BOLSA MOCHILA BRETÓN ROJO,8.468 ,NORMAL
SIN 054 V,SIN 054,BOLSA  MOCHILA BRETÓN VERDE,8.468 ,NORMAL
SIN 235 A,SIN 235,BOLSA-MOCHILA ASTORGA AZUL,4.123 ,NORMAL
SIN 235 B,SIN 235,BOLSA-MOCHILA ASTORGA BLANCO,4.123 ,NORMAL
SIN 235 N,SIN 235,BOLSA-MOCHILA ASTORGA NEGRO,4.123 ,NORMAL
SIN 235 O,SIN 235,BOLSA-MOCHILA ASTORGA NARANJA,4.123 ,NORMAL
SIN 235 P,SIN 235,BOLSA-MOCHILA ASTORGA ROSA,4.123 ,NORMAL
SIN 235 R,SIN 235,BOLSA-MOCHILA ASTORGA ROJO,4.123 ,NORMAL
SIN 235 V,SIN 235,BOLSA-MOCHILA ASTORGA VERDE,4.123 ,NORMAL
SIN 933 A,SIN 933,BOLSA-MOCHILA ANSHAR  AZUL,22.862 ,NORMAL
SIN 933 N,SIN 933,BOLSA-MOCHILA ANSHAR  NEGRO,22.862 ,NORMAL
SIN 933 R,SIN 933,BOLSA-MOCHILA ANSHAR  ROJO,22.862 ,NORMAL
SIN 019 A,SIN 019,BOLSA-MOCHILA SURF AZUL,15.680 ,NORMAL
SIN 019 B,SIN 019,BOLSA-MOCHILA SURF BLANCO,15.680 ,NORMAL
SIN 019 N,SIN 019,BOLSA-MOCHILA SURF NEGRO,15.680 ,NORMAL
SIN 019 R,SIN 019,BOLSA-MOCHILA SURF ROJO,15.680 ,NORMAL
SIN 211 O,SIN 211,BOLSA MALLORCA NARANJA,2.438 ,NORMAL
SIN 211 R,SIN 211,BOLSA MALLORCA ROJO,2.438 ,NORMAL
SIN 211 V,SIN 211,BOLSA MALLORCA VERDE,2.438 ,NORMAL
SIN 216 A,SIN 216,BOLSA LAREDO AZUL,4.092 ,NORMAL
SIN 216 B,SIN 216,BOLSA LAREDO BLANCO,4.092 ,NORMAL
SIN 216 N,SIN 216,BOLSA LAREDO NEGRO,4.092 ,NORMAL
SIN 216 R,SIN 216,BOLSA LAREDO ROJO,4.092 ,NORMAL
SIN 216 V,SIN 216,BOLSA LAREDO LAREDO VERDE,4.092 ,NORMAL
SIN 219 A,SIN 219,BOLSA-MOCHILA PASTRANA AZUL,3.738 ,NORMAL
SIN 219 B,SIN 219,BOLSA-MOCHILA PASTRANA BLANCO,3.738 ,NORMAL
SIN 219 M,SIN 219,BOLSA-MOCHILA PASTRANA MORADO,3.738 ,NORMAL
SIN 219 N,SIN 219,BOLSA-MOCHILA PASTRANA NEGRO,3.738 ,NORMAL
SIN 219 O,SIN 219,BOLSA-MOCHILA PASTRANA NARANJA,3.738 ,NORMAL
SIN 219 P,SIN 219,BOLSA-MOCHILA PASTRANA ROSA,3.738 ,NORMAL
SIN 219 R,SIN 219,BOLSA-MOCHILA PASTRANA ROJO,3.738 ,NORMAL
SIN 219 V,SIN 219,BOLSA-MOCHILA PASTRANA VERDE,3.738 ,NORMAL
SIN 219 Y,SIN 219,BOLSA-MOCHILA PASTRANA AMARILLO,3.738 ,NORMAL
SIN 938 B,SIN 938,BOLSA-MOCHILA SUBLIMACIÓN YOSEM,5.262 ,NORMAL
SIN 962 B,SIN 962,BOLSA PARA SUBLIMAR TOULOUSE,3.967 ,NORMAL
SIN 915 A,SIN 915,MOCHILA BITONO NOVA AZUL,79.163 ,NORMAL
SIN 915 R,SIN 915,MOCHILA BITONO NOVA ROJO,79.163 ,NORMAL
SIN 038 A,SIN 038,MOCHILA EUROPE AZUL,31.358 ,NORMAL
SIN 038 V,SIN 038,MOCHILA EUROPE VERDE,31.358 ,NORMAL
SIN 038 Y,SIN 038,MOCHILA EUROPE AMARILLO,31.358 ,NORMAL
SIN 026 R,SIN 026,MOCHILA ACCENT ROJO,20.575 ,NORMAL
SIN 903 V,SIN 903,MOCHILA ADVENTURE VERDE,135.178 ,NORMAL
SIN 965 A,SIN 965,MOCHILA HAISLA AZUL,88.667 ,NORMAL
SIN 902,SIN 902,MOCHILA METROPOLITAN,237.183 ,NORMAL
SIN 032 A,SIN 032,MALETA SPORT AZUL,38.663 ,NORMAL
SIN 032 O,SIN 032,MALETA SPORT NARANJA,38.663 ,NORMAL
SIN 032 R,SIN 032,MALETA SPORT ROJA,38.663 ,NORMAL
SIN 932 G,SIN 932,MALETA GALICIA GRIS,117.272 ,NORMAL
SPO 005 N,SPO 005,TAPETE DE YOGA ASANA,77.457 ,NORMAL
MK 400,MK 400,RELOJ LONDON,31.298 ,NORMAL
MK 120,MK 120,RELOJ TIME CUBE,91.872 ,NORMAL
ST 081,ST 081,NAVAJA COLVILLE,23.255 ,NORMAL
SLD 011 B,SLD 011,FUNDA PROTECTORA CASSIA,1.562 ,NORMAL
SLD 055 B,SLD 055,GOMAS PARA CUBREBOCAS BOMBAY,4.732 ,NORMAL
SLD 056 G,SLD 056,NECESER CON LUZ UV HARBIN,163.160 ,NORMAL
SLD 058 B,SLD 058,LÁMPARA CON LUZ UV CHANAI,94.798 ,NORMAL
SOC 930 A,SOC 930,ANTI-STRESS LIKE,10.303 ,NORMAL
SOC 067 A,SOC 067,CUBO LISO ANTI-STRESS AZUL,5.597 ,NORMAL
SOC 067 R,SOC 067,CUBO LISO ANTI-STRESS ROJO,5.597 ,NORMAL
SOC 067 V,SOC 067,CUBO LISO ANTI-STRESS VERDE,5.597 ,NORMAL
SOC 220-01,SOC 220,ANTI-STRESS OFICIOS DOCTOR,10.608 ,NORMAL
SOC 028,SOC 028,ANTI-STRESS WIT,7.740 ,NORMAL
SOC 064 B,SOC 064,PASTILLA ANTI-STRESS,7.050 ,NORMAL
SOC 900 Y,SOC 900,ANTI-STRESS WORK,6.687 ,NORMAL
SOC 026,SOC 026,VAQUITA ANTI-STRESS,12.638 ,NORMAL
SOC 027,SOC 027,PUERQUITO ANTI-STRESS,10.853 ,NORMAL
SOC 013 N,SOC 013,PELOTA ANTI-STRESS LISA NEGRO,4.188 ,NORMAL
SOC 024,SOC 024,TRAILER ANTI-STRESS,12.303 ,NORMAL
DAM 011 G,DAM 011,SET DE MANICURE LAMPUNG GRIS,16.800 ,NORMAL
DAM 011 M,DAM 011,SET DE MANICURE LAMPUNG MORADO,16.800 ,NORMAL
DAM 120 N,DAM 120,ESPEJO LARISA,6.943 ,NORMAL
DAM 804,DAM 804,ESPEJO DOLLY,4.337 ,NORMAL
DAM 002 S,DAM 002,ESPEJO BRISEIS PLATA,8.153 ,NORMAL
DAM 022 B,DAM 022,COSTURERO ZAMBIA,5.263 ,NORMAL
DAM 501 G,DAM 501,COSMETIQUERA PLATINUM GRIS,29.163 ,NORMAL
DAM 501 N,DAM 501,COSMETIQUERA PLATINUM NEGRA,29.163 ,NORMAL
DAM 501 P,DAM 501,COSMETIQUERA PLATINUM ROSA,29.163 ,NORMAL
DAM 502 G,DAM 502,COSMETIQUERA VICTORIA GRIS,18.980 ,NORMAL
DAM 502 P,DAM 502,COSMETIQUERA VICTORIA ROSA,18.980 ,NORMAL
DAM 009 A,DAM 009,COSMETIQUERA LORELEI AZUL,9.572 ,NORMAL
DAM 009 P,DAM 009,COSMETIQUERA LORELEI ROSA,9.572 ,NORMAL
DAM 009 R,DAM 009,COSMETIQUERA LORELEI ROJO,9.572 ,NORMAL
DAM 005 P,DAM 005,COSMETIQUERA STELLA ROSA,56.035 ,NORMAL
DAM 007 A,DAM 007,COSMETIQUERA BRIANA AZUL,33.810 ,NORMAL
DAM 007 N,DAM 007,COSMETIQUERA BRIANA NEGRO,33.810 ,NORMAL
DAM 007 P,DAM 007,COSMETIQUERA BRIANA ROSA,33.810 ,NORMAL
DAM 026 BE,DAM 026,KIT DE BAÑO ADRI,20.360 ,NORMAL
DAM 020 N,DAM 020,NECESER EVAN,13.332 ,NORMAL
M 80120 G,M 80120,PORTA PASAPORTE LIVIGNO,24.673 ,NORMAL
M 80640 N,M 80640,PORTA PASAPORTE SKANA,38.885 ,NORMAL
M 80780,M 80780,PORTA PASAPORTE LUYOU,40.713 ,NORMAL
M 80122 N,M 80122,PORTA PASAPORTE BROOME NEGRO,13.205 ,NORMAL
NES 003 G,NES 003,NECESER MYOKO GRIS,27.113 ,NORMAL
CEL 036 B,CEL 036,CARGADOR INALÁMBRICO NAMU,41.642 ,NORMAL
CRG 037 N,CRG 037,POWER BANK BYDGOZ,122.852 ,NORMAL
TAZ 012 A,TAZ 012,TAZA TAURÉ AZUL,49.995 ,NORMAL
TAZ 012 R,TAZ 012,TAZA TAURÉ ROJO,49.995 ,NORMAL
TAZ 012 S,TAZ 012,TAZA TAURÉ PLATA,49.995 ,NORMAL
ANF 040 A,ANF 040,CILINDRO TRIBEC AZUL,10.970 ,NORMAL
ANF 040 B,ANF 040,CILINDRO TRIBEC BLANCO,10.970 ,NORMAL
ANF 040 H,ANF 040,CILINDRO TRIBEC HUMO,10.970 ,NORMAL
ANF 040 O,ANF 040,CILINDRO TRIBEC NARANJA,10.970 ,NORMAL
ANF 040 R,ANF 040,CILINDRO TRIBEC ROJO,10.970 ,NORMAL
ANF 040 V,ANF 040,CILINDRO TRIBEC VERDE,10.970 ,NORMAL
ANF 040 Y,ANF 040,CILINDRO TRIBEC AMARILLO,10.970 ,NORMAL
ANF 006 A,ANF 006,CILINDRO LAKE AZUL,9.890 ,NORMAL
ANF 006 B,ANF 006,CILINDRO LAKE BLANCO,9.890 ,NORMAL
ANF 006 H,ANF 006,CILINDRO LAKE HUMO,9.890 ,NORMAL
ANF 006 M,ANF 006,CILINDRO LAKE MORADO,9.890 ,NORMAL
ANF 006 N,ANF 006,CILINDRO LAKE NEGRO,9.890 ,NORMAL
ANF 006 O,ANF 006,CILINDRO LAKE NARANJA,9.890 ,NORMAL
ANF 006 P,ANF 006,CILINDRO LAKE ROSA,9.890 ,NORMAL
ANF 006 R,ANF 006,CILINDRO LAKE ROJO,9.890 ,NORMAL
ANF 006 V,ANF 006,CILINDRO LAKE VERDE,9.890 ,NORMAL
ANF 006 Y,ANF 006,CILINDRO LAKE AMARILLO,9.890 ,NORMAL
ANF 007 A,ANF 007,CILINDRO SPRING AZUL,9.890 ,NORMAL
ANF 007 R,ANF 007,CILINDRO SPRING ROJO,9.890 ,NORMAL
ANF 007 V,ANF 007,CILINDRO SPRING VERDE,9.890 ,NORMAL
ANF 022 A,ANF 022,CILINDRO WESER AZUL TRANSLÚCIDO,8.490 ,NORMAL
ANF 022 B,ANF 022,CILINDRO WESER BLANCO TRANSLÚCIDO,8.490 ,NORMAL
ANF 022 H,ANF 022,CILINDRO WESER HUMO TRANSLÚCIDO,8.490 ,NORMAL
ANF 022 R,ANF 022,CILINDRO WESER ROJO TRANSLÚCIDO,8.490 ,NORMAL
ANF 022 V,ANF 022,CILINDRO WESER VERDE TRANSLÚCIDO,8.490 ,NORMAL
ANF 021 A,ANF 021,CILINDRO VAUS AZUL,8.125 ,NORMAL
ANF 021 B,ANF 021,CILINDRO VAUS BLANCO,8.125 ,NORMAL
ANF 021 H,ANF 021,CILINDRO VAUS HUMO,8.125 ,NORMAL
ANF 021 R,ANF 021,CILINDRO VAUS ROJO,8.125 ,NORMAL
ANF 021 V,ANF 021,CILINDRO VAUS VERDE,8.125 ,NORMAL
ANF 021 Y,ANF 021,CILINDRO VAUS AMARILLO,8.125 ,NORMAL
ANF 037 A,ANF 037,CILINDRO NEIVA AZUL,22.022 ,NORMAL
ANF 037 H,ANF 037,CILINDRO NEIVA HUMO,22.022 ,NORMAL
ANF 037 R,ANF 037,CILINDRO NEIVA ROJO,22.022 ,NORMAL
ANF 017 A,ANF 017,CILINDRO TISZA AZUL,25.910 ,NORMAL
ANF 031 A,ANF 031,CILINDRO SHAKER OVENS AZUL,25.268 ,NORMAL
ANF 031 N,ANF 031,CILINDRO SHAKER OVENS NEGRO,25.268 ,NORMAL
ANF 046 A,ANF 046,CILINDRO BISMARCK AZUL,5.923 ,NORMAL
ANF 046 B,ANF 046,CILINDRO BISMARCK BLANCO,5.923 ,NORMAL
ANF 046 H,ANF 046,CILINDRO BISMARCK HUMO,5.923 ,NORMAL
ANF 046 O,ANF 046,CILINDRO BISMARCK NARANJA,5.923 ,NORMAL
ANF 046 P,ANF 046,CILINDRO BISMARCK ROSA,5.923 ,NORMAL
ANF 046 R,ANF 046,CILINDRO BISMARCK ROJO,5.923 ,NORMAL
ANF 046 V,ANF 046,CILINDRO BISMARCK VERDE,5.923 ,NORMAL
ANF 046 Y,ANF 046,CILINDRO BISMARCK AMARILLO,5.923 ,NORMAL
ANF 036 A,ANF 036,CILINDRO NAOLI AZUL,7.270 ,NORMAL
ANF 036 O,ANF 036,CILINDRO NAOLI NARANJA,7.270 ,NORMAL
ANF 036 R,ANF 036,CILINDRO NAOLI ROJO,7.270 ,NORMAL
ANF 036 V,ANF 036,CILINDRO NAOLI VERDE,7.270 ,NORMAL
ANF 009 A,ANF 009,CILINDRO SINKER AZUL TRANSLÚCIDO,7.270 ,NORMAL
ANF 009 B,ANF 009,CILINDRO SINKER BLANCO TRANSLÚCIDO,7.270 ,NORMAL
ANF 009 H,ANF 009,CILINDRO SINKER HUMO TRANSLÚCIDO,7.270 ,NORMAL
ANF 009 N,ANF 009,CILINDRO SINKER NEGRO,7.270 ,NORMAL
ANF 009 O,ANF 009,CILINDRO SINKER NARANJA TRANSLÚCIDO,7.270 ,NORMAL
ANF 009 R,ANF 009,CILINDRO SINKER ROJO TRANSLÚCIDO,7.270 ,NORMAL
ANF 009 V,ANF 009,CILINDRO SINKER VERDE TRANSLÚCIDO,7.270 ,NORMAL
ANF 033 A,ANF 033,TARRO HAYLING AZUL,13.603 ,NORMAL
ANF 033 B,ANF 033,TARRO HAYLING TRANSPARENTE,13.603 ,NORMAL
ANF 033 R,ANF 033,TARRO HAYLING ROJO,13.603 ,NORMAL
ANF 060 A,ANF 060,CILINDRO ALEX AZUL,20.128 ,NORMAL
ANF 060 B,ANF 060,CILINDRO ALEX BLANCO,20.128 ,NORMAL
ANF 060 H,ANF 060,CILINDRO ALEX HUMO,20.128 ,NORMAL
ANF 060 R,ANF 060,CILINDRO ALEX ROJO,20.128 ,NORMAL
ANF 064 A,ANF 064,CILINDRO XITANG AZUL,9.277 ,NORMAL
ANF 064 B,ANF 064,CILINDRO XITANG BLANCO,9.277 ,NORMAL
ANF 064 R,ANF 064,CILINDRO XITANG ROJO,9.277 ,NORMAL
TMPS 61 A,TMPS 61,CILINDRO LEMAN AZUL,28.843 ,NORMAL
TMPS 61 O,TMPS 61,CILINDRO LEMAN NARANJA,28.843 ,NORMAL
TMPS 61 R,TMPS 61,CILINDRO LEMAN ROJO,28.843 ,NORMAL
TMPS 61 V,TMPS 61,CILINDRO LEMAN VERDE,28.843 ,NORMAL
TMPS 113 B,TMPS 113,CILINDRO PARA SUBLIMAR TOVAR,25.638 ,NORMAL
TMPS 42 A,TMPS 42,TERMO NYUK AZUL,23.752 ,NORMAL
TMPS 42 N,TMPS 42,TERMO NYUK NEGRO,23.752 ,NORMAL
TMPS 42 R,TMPS 42,TERMO NYUK ROJO,23.752 ,NORMAL
TT 02 A,TT 02,TERMO LANE AZUL,18.375 ,NORMAL
TT 02 G,TT 02,TERMO LANE NEGRO,18.375 ,NORMAL
TT 02 R,TT 02,TERMO LANE ROJO,18.375 ,NORMAL
TT 02 V,TT 02,TERMO LANE VERDE,18.375 ,NORMAL
TMPS 170 N,TMPS 170,PRENSA FRANCESA COCKER,25.097 ,NORMAL
TMPS 36 A,TMPS 36,TERMO VITALI AZUL,46.805 ,NORMAL
TMPS 36 R,TMPS 36,TERMO VITALI ROJO,46.805 ,NORMAL
TMPS 36 V,TMPS 36,TERMO VITALI VERDE,46.805 ,NORMAL
TMPS 47 A,TMPS 47,TERMO AREUSE AZUL,28.663 ,NORMAL
TMPS 47 G,TMPS 47,TERMO AREUSE GRIS OXFORD,28.663 ,NORMAL
TMPS 47 R,TMPS 47,TERMO AREUSE ROJO,28.663 ,NORMAL
TMPS 18 A,TMPS 18,TERMO HEAT AZUL,68.887 ,NORMAL
TMPS 18 R,TMPS 18,TERMO HEAT ROJO,68.887 ,NORMAL
TMPS 23 A,TMPS 23,TERMO BANGKOK AZUL,40.167 ,NORMAL
TMPS 23 R,TMPS 23,TERMO BANGKOK ROJO,40.167 ,NORMAL
TMPS 23 T,TMPS 23,TERMO BANGKOK TRANSPARENTE,40.167 ,NORMAL
TMPS 71 A,TMPS 71,TERMO OSAKA AZUL,32.817 ,NORMAL
TMPS 14 S,TMPS 14,TERMO KALAUS,17.768 ,NORMAL
TMPS 67 N,TMPS 67,TERMO ANKARA,26.488 ,NORMAL
TMPS 78 S,TMPS 78,TERMO DELMORE,32.918 ,NORMAL
TMPS 88 A,TMPS 88,TERMO CON LUZ TULCE AZUL,91.872 ,NORMAL
TMPS 88 G,TMPS 88,TERMO CON LUZ TULCE GRIS,91.872 ,NORMAL
TMPS 88 R,TMPS 88,TERMO CON LUZ TULCE ROJO,91.872 ,NORMAL
TMPS 81 S,TMPS 81,TERMO TERAMO,96.992 ,NORMAL
TMPS 110 S,TMPS 110,TERMO NIZA PLATA,30.200 ,NORMAL
TMPS 58 A,TMPS 58,TERMO VICARE AZUL,34.718 ,NORMAL
TMPS 58 R,TMPS 58,TERMO VICARE ROJO,34.718 ,NORMAL
TMPS 135 S,TMPS 135,TERMO HARUM SILVER,31.548 ,NORMAL
TMPS 98 A,TMPS 98,TERMO AMIENS AZUL,35.527 ,NORMAL
TMPS 98 R,TMPS 98,TERMO AMIENS ROJO,35.527 ,NORMAL
TMPS 98 S,TMPS 98,TERMO AMIENS PLATA,35.527 ,NORMAL
TMPS 132 G,TMPS 132,TERMO BOCINA KALEID,153.277 ,NORMAL
TMPS 148 A,TMPS 148,TERMO ARUBA AZUL,65.165 ,NORMAL
TMPS 148 P,TMPS 148,TERMO ARUBA ROSA,65.165 ,NORMAL
TMPS 148 R,TMPS 148,TERMO ARUBA ROJO,65.165 ,NORMAL
TMPS 77 AC,TMPS 77,TERMO YUKSHIN AZUL CIELO,58.883 ,NORMAL
TMPS 77 N,TMPS 77,TERMO YUKSHIN NEGRO,58.883 ,NORMAL
TMPS 159 A,TMPS 159,TERMO BARROW AZUL,47.433 ,NORMAL
TMPS 159 B,TMPS 159,TERMO BARROW BLANCO,47.433 ,NORMAL
TMPS 159 N,TMPS 159,TERMO BARROW NEGRO,47.433 ,NORMAL
TMPS 159 R,TMPS 159,TERMO BARROW ROJO,47.433 ,NORMAL
TMPS 159 S,TMPS 159,TERMO BARROW PLATA,47.433 ,NORMAL
TMPS 160 B,TMPS 160,TERMO PARA SUBLIMAR CANTWELL,52.132 ,NORMAL
TMPS 169 AM,TMPS 169,TERMO SAMT AZUL MARINO,47.882 ,NORMAL
TMPS 169 N,TMPS 169,TERMO SAMT NEGRO,47.882 ,NORMAL
TMPS 169 R,TMPS 169,TERMO SAMT ROJO,47.882 ,NORMAL
TMPS 174 N,TMPS 174,TERMO ANGRA NEGRO,43.630 ,NORMAL
TMPS 174 S,TMPS 174,TERMO ANGRA PLATA,43.630 ,NORMAL
TMPS 194 A,TMPS 194,TERMO LASKA AZUL,21.255 ,NORMAL
TMPS 194 B,TMPS 194,TERMO LASKA BLANCO,21.255 ,NORMAL
TMPS 194 N,TMPS 194,TERMO LASKA NEGRO,21.255 ,NORMAL
TMPS 194 S,TMPS 194,TERMO LASKA PLATA,21.255 ,NORMAL
TAZ 030 G,TAZ 030,TAZA JANNU,102.212 ,NORMAL
TAZ 033 G,TAZ 033,TAZA KILIA GRIS OXFORD,48.072 ,NORMAL
TMPS 26 A,TMPS 26,TAZA TÉRMICA BURGOS AZUL,32.048 ,NORMAL
TMPS 26 N,TMPS 26,TAZA TÉRMICA BURGOS NEGRO,32.048 ,NORMAL
TMPS 26 R,TMPS 26,TAZA TÉRMICA BURGOS ROJO,32.048 ,NORMAL
TMPS 26 T,TMPS 26,TAZA TÉRMICA BURGOS TRANSPARENTE,32.048 ,NORMAL
TMPS 115 BE,TMPS 115,VASO ECOLÓGICO SOUL,6.682 ,NORMAL
TMPS 74 A,TMPS 74,VASO TIRICH AZUL,4.978 ,NORMAL
TMPS 74 B,TMPS 74,VASO TIRICH BLANCO,4.978 ,NORMAL
TMPS 74 MP,TMPS 74,VASO TIRICH MORADO PASTEL,4.978 ,NORMAL
TMPS 74 P,TMPS 74,VASO TIRICH ROSA,4.978 ,NORMAL
TMPS 74 R,TMPS 74,VASO TIRICH ROJO,4.978 ,NORMAL
TMPS 74 Y,TMPS 74,VASO TIRICH AMARILLO,4.978 ,NORMAL
TMPS 74 N,TMPS 74,VASO TIRICH NEGRO,4.978 ,NORMAL
TMPS 74 V,TMPS 74,VASO TIRICH VERDE,4.978 ,NORMAL
TMPS 744 A,TMPS 744,VASO JAS AZUL,7.050 ,NORMAL
TMPS 744 B,TMPS 744,VASO JAS BLANCO,7.050 ,NORMAL
TMPS 744 N,TMPS 744,VASO JAS NEGRO,7.050 ,NORMAL
TMPS 744 ON,TMPS 744,VASO JAS NARANJA NEÓN,7.050 ,NORMAL
TMPS 744 PN,TMPS 744,VASO JAS ROSA NEÓN,7.050 ,NORMAL
TMPS 744 R,TMPS 744,VASO JAS ROJO,7.050 ,NORMAL
TMPS 744 VN,TMPS 744,VASO JAS VERDE NEÓN,7.050 ,NORMAL
TMPS 744 YN,TMPS 744,VASO JAS AMARILLO NEÓN,7.050 ,NORMAL
TMPS 136 A,TMPS 136,TERMO DENOVAN AZUL,24.055 ,NORMAL
TMPS 136 B,TMPS 136,TERMO DENOVAN BLANCO,24.055 ,NORMAL
TMPS 136 R,TMPS 136,TERMO DENOVAN ROJO,24.055 ,NORMAL
TMPS 136 N,TMPS 136,TERMO DENOVAN NEGRO,24.055 ,NORMAL
TMPS 56 B,TMPS 56,TERMO PARA SUBLIMAR ONEGA,37.973 ,NORMAL
SH 2015 A,SH 2015,BOLÍGRAFO HOLI-HOLY AZUL,955 ,NORMAL
SH 2015 B,SH 2015,BOLÍGRAFO HOLI-HOLY BLANCO,955 ,NORMAL
SH 2015 N,SH 2015,BOLÍGRAFO HOLI-HOLY NEGRO,955 ,NORMAL
SH 2015 P,SH 2015,BOLÍGRAFO HOLI-HOLY ROSA,955 ,NORMAL
SH 2015 R,SH 2015,BOLÍGRAFO HOLI-HOLY ROJO,955 ,NORMAL
SH 1005 A,SH 1005,BOLÍGRAFO SCRIPT AZUL,1.502 ,NORMAL
SH 1005 R,SH 1005,BOLÍGRAFO SCRIPT ROJO,1.502 ,NORMAL
SH 1005 V,SH 1005,BOLÍGRAFO SCRIPT VERDE,1.502 ,NORMAL
SH 2097 AT,SH 2097,BOLÍGRAFO FUROR AZUL TRANSLÚCIDO,1.120 ,NORMAL
SH 2097 RT,SH 2097,BOLÍGRAFO FUROR ROJO TRANSLÚCIDO,1.120 ,NORMAL
SH 2097 VT,SH 2097,BOLÍGRAFO FUROR VERDE TRANSLÚCIDO,1.120 ,NORMAL
SH 2097 WT,SH 2097,BOLÍGRAFO FUROR BLANCO TRANSLÚCIDO,1.120 ,NORMAL
SH 2097 YT,SH 2097,BOLÍGRAFO FUROR AMARILLO TRANSLÚCIDO,1.120 ,NORMAL
SH 1123 A,SH 1123,BOLÍGRAFO VIKINGO AZUL,1.112 ,NORMAL
SH 1123 N,SH 1123,BOLÍGRAFO VIKINGO NEGRO,1.112 ,NORMAL
SH 1123 R,SH 1123,BOLÍGRAFO VIKINGO ROJO,1.112 ,NORMAL
SH 1123 Y,SH 1123,BOLÍGRAFO VIKINGO AMARILLO,1.112 ,NORMAL
SH 2410 A,SH 2410,BOLÍGRAFO KORAB AZUL,1.652 ,NORMAL
SH 2410 O,SH 2410,BOLÍGRAFO KORAB NARANJA,1.652 ,NORMAL
SH 2410 P,SH 2410,BOLÍGRAFO KORAB ROSA,1.652 ,NORMAL
SH 2410 R,SH 2410,BOLÍGRAFO KORAB ROJO,1.652 ,NORMAL
SH 2410 V,SH 2410,BOLÍGRAFO KORAB VERDE,1.652 ,NORMAL
SH 2415 A,SH 2415,BOLÍGRAFO ILLER AZUL,1.618 ,NORMAL
SH 2415 G,SH 2415,BOLÍGRAFO ILLER GRIS,1.618 ,NORMAL
SH 2415 R,SH 2415,BOLÍGRAFO ILLER ROJO,1.618 ,NORMAL
SH 2415 S,SH 2415,BOLÍGRAFO ILLER PLATA,1.618 ,NORMAL
SH 2415 V,SH 2415,BOLÍGRAFO ILLER VERDE,1.618 ,NORMAL
SH 2225 A,SH 2225,BOLÍGRAFO LUSAKA AZUL,1.083 ,NORMAL
SH 2225 N,SH 2225,BOLÍGRAFO LUSAKA NEGRO,1.083 ,NORMAL
SH 2225 O,SH 2225,BOLÍGRAFO LUSAKA NARANJA,1.083 ,NORMAL
SH 2225 P,SH 2225,BOLÍGRAFO LUSAKA ROSA,1.083 ,NORMAL
SH 2225 R,SH 2225,BOLÍGRAFO LUSAKA ROJO,1.083 ,NORMAL
SH 2225 V,SH 2225,BOLÍGRAFO LUSAKA VERDE,1.083 ,NORMAL
SH 1755 A,SH 1755,BOLÍGRAFO BITONO SKADY AZUL,1.073 ,NORMAL
SH 1755 R,SH 1755,BOLÍGRAFO BITONO SKADY ROJO,1.073 ,NORMAL
SH 1755 V,SH 1755,BOLÍGRAFO BITONO SKADY VERDE,1.073 ,NORMAL
SH 1035 A,SH 1035,BOLÍGRAFO TXT AZUL,1.570 ,NORMAL
SH 1035 N,SH 1035,BOLÍGRAFO TXT NEGRO,1.570 ,NORMAL
SH 1035 R,SH 1035,BOLÍGRAFO TXT ROJO,1.570 ,NORMAL
SH 1035 V,SH 1035,BOLÍGRAFO TXT VERDE,1.570 ,NORMAL
SH 2035 A,SH 2035,BOLÍGRAFO OTARA AZUL,1.665 ,NORMAL
SH 2035 G,SH 2035,BOLÍGRAFO OTARA GRIS,1.665 ,NORMAL
SH 2035 R,SH 2035,BOLÍGRAFO OTARA ROJO,1.665 ,NORMAL
SH 1340 A,SH 1340,BOLÍGRAFO ROA AZUL,2.000 ,NORMAL
SH 1340 B,SH 1340,BOLÍGRAFO ROA BLANCO,2.000 ,NORMAL
SH 1340 N,SH 1340,BOLÍGRAFO ROA NEGRO,2.000 ,NORMAL
SH 1340 O,SH 1340,BOLÍGRAFO ROA NARANJA,2.000 ,NORMAL
SH 1340 R,SH 1340,BOLÍGRAFO ROA ROJO,2.000 ,NORMAL
SH 1340 V,SH 1340,BOLÍGRAFO ROA VERDE,2.000 ,NORMAL
SH 1340 Y,SH 1340,BOLÍGRAFO ROA AMARILLO,2.000 ,NORMAL
SH 1610 A,SH 1610,BOLÍGRAFO GALEO AZUL METALIZADO,1.790 ,NORMAL
SH 1610 R,SH 1610,BOLÍGRAFO GALEO ROJO METALIZADO,1.790 ,NORMAL
SH 2085 A,SH 2085,BOLÍGRAFO ESSEX AZUL,1.492 ,NORMAL
SH 2085 P,SH 2085,BOLÍGRAFO ESSEX ROSA,1.492 ,NORMAL
SH 2085 V,SH 2085,BOLÍGRAFO ESSEX VERDE,1.492 ,NORMAL
SH 1155 A,SH 1155,BOLÍGRAFO ANTIMICROBIANO PROTECT AZUL,1.288 ,NORMAL
SH 1155 B,SH 1155,BOLÍGRAFO ANTIMICROBIANO PROTECT BLANCO,1.288 ,NORMAL
SH 1155 BE,SH 1155,BOLÍGRAFO ANTIMICROBIANO PROTECT BEIGE,1.288 ,NORMAL
SH 1155 P,SH 1155,BOLÍGRAFO ANTIMICROBIANO PROTECT ROSA,1.288 ,NORMAL
SH 1155 V,SH 1155,BOLÍGRAFO ANTIMICROBIANO PROTECT VERDE,1.288 ,NORMAL
SH 2380 N,SH 2380,BOLÍGRAFO TAHUA NEGRO,11.323 ,NORMAL
SH 1850 B,SH 1850,BOLÍGRAFO LAMPARA JASER,2.888 ,NORMAL
SH 1215 A,SH 1215,BOLÍGRAFO 3 EN 1 SMOKE AZUL,2.723 ,NORMAL
SH 1215 N,SH 1215,BOLÍGRAFO 3 EN 1 SMOKE NEGRO,2.723 ,NORMAL
SH 1215 R,SH 1215,BOLÍGRAFO 3 EN 1 SMOKE ROJO,2.723 ,NORMAL
SH 1355,SH-1355,BOLÍGRAFO BURDEOS NEGRO,31.583 ,NORMAL
RQ 020 G,RQ 020,BOLÍGRAFO MAGOTTY GRIS,26.637 ,NORMAL
RQ 020 S,RQ 020,BOLÍGRAFO MAGOTTY PLATA,26.637 ,NORMAL
RQ 1006 G,RQ 1006,BOLÍGRAFO LACOCK GRIS,29.758 ,NORMAL
RQ 600 G,RQ 600,BOLÍGRAFO BARETI GRIS,16.110 ,NORMAL
RQ 600 S,RQ 600,BOLÍGRAFO BARETI PLATA,16.110 ,NORMAL
SH 1370 A,SH 1370,BOLÍGRAFO ACRUX AZUL,7.050 ,NORMAL
SH 1370 B,SH 1370,BOLÍGRAFO ACRUX BLANCO,7.050 ,NORMAL
SH 1370 R,SH 1370,BOLÍGRAFO ACRUX ROJO,7.050 ,NORMAL
SH 1370 S,SH 1370,BOLÍGRAFO ACRUX PLATA,7.050 ,NORMAL
SH 1470 A,SH 1470,BOLÍGRAFO AZIZA AZUL,9.110 ,NORMAL
SH 1470 N,SH 1470,BOLÍGRAFO AZIZA NEGRO,9.110 ,NORMAL
SH 1470 R,SH 1470,BOLÍGRAFO AZIZA ROJO,9.110 ,NORMAL
K 700 A,K 700,LLAVERO COCHINITO AZUL,1.632 ,NORMAL
K 700 V,K 700,LLAVERO COCHINITO VERDE,1.632 ,NORMAL
PRO 019 B,PRO 019,LLAVERO FLEXÓMETRO LIBEREC BLANCO,2.863 ,NORMAL
PRO 018 A,PRO 018,LLAVERO FLEXÓMETRO MEASURE AZUL,2.393 ,NORMAL
PRO 018 B,PRO 018,LLAVERO FLEXÓMETRO MEASURE BLANCO,2.393 ,NORMAL
PRO 018 R,PRO 018,LLAVERO FLEXÓMETRO MEASURE ROJO,2.393 ,NORMAL
K 63290,K 63290,LLAVERO CASA-COCHE,11.233 ,NORMAL
60700 N,60700,SET VINSTRA,40.945 ,NORMAL
61500 N,61500,SET PLITVICE,104.712 ,NORMAL
62200 N,62200,SET GOYAN,109.363 ,NORMAL
61700 N,61700,SET SARATOV,115.202 ,NORMAL
62500 G,62500,SET LIPETSK,125.855 ,NORMAL
PRO 027 A,PRO 027,PORTAGAFETE RETRÁCTIL AZUL TRANSLÚCIDO,1.993 ,NORMAL
PRO 027 B,PRO 027,PORTAGAFETE RETRÁCTIL BLANCO,1.993 ,NORMAL
PRO 027 O,PRO 027,PORTAGAFETE RETRÁCTIL NARANJA,1.993 ,NORMAL
PRO 027 R,PRO 027,PORTAGAFETE RETRÁCTIL ROJO TRANSLÚCIDO,1.993 ,NORMAL
PRO 027 V,PRO 027,PORTAGAFETE RETRÁCTIL VERDE,1.993 ,NORMAL
HL 2030 BE,HL 2030,LIBRETA MALIA BEIGE,10.775 ,NORMAL
CAL 100,CAL 100,CALENDARIO ONTUR,45.552 ,NORMAL
61900 N,61900,SET BORAWLI,37.175 ,NORMAL
KTC 310,KTC 310,BASE CHOOYU,24.303 ,NORMAL
HL 2020 AR,HL 2020,LIBRETA LOVECOLORS AZUL REY,11.260 ,NORMAL
HL 2020 N,HL 2020,LIBRETA LOVECOLORS NEGRO,11.260 ,NORMAL
HL 2020 R,HL 2020,LIBRETA LOVECOLORS ROJO,11.260 ,NORMAL
HL 2020 Y,HL 2020,LIBRETA LOVECOLORS AMARILLO,11.260 ,NORMAL
HL 2023 AR,HL 2023,LIBRETA BAIONA AZUL REY,8.055 ,NORMAL
HL 2023 V,HL 2023,LIBRETA BAIONA VERDE,8.055 ,NORMAL
HL 190 A,HL 190,LIBRETA TOBA AZUL,16.230 ,NORMAL
HL 190 R,HL 190,LIBRETA TOBA ROJO,16.230 ,NORMAL
HL 190 V,HL 190,LIBRETA TOBA VERDE,16.230 ,NORMAL
HL 1500 N,HL 1500,LIBRETA SCRIF NEGRO,23.168 ,NORMAL
HL 2021 AR,HL 2021,LIBRETA SMYRNA AZUL REY,17.960 ,NORMAL
HL 2021 N,HL 2021,LIBRETA SMYRNA NEGRO,17.960 ,NORMAL
HL 2022 AR,HL 2022,LIBRETA OLVERA AZUL REY,14.343 ,NORMAL
HL 2022 N,HL 2022,LIBRETA OLVERA NEGRO,14.343 ,NORMAL
HL 2022 O,HL 2022,LIBRETA OLVERA NARANJA,14.343 ,NORMAL
HL 2022 R,HL 2022,LIBRETA OLVERA ROJO,14.343 ,NORMAL
HL 2022 V,HL 2022,LIBRETA OLVERA VERDE,14.343 ,NORMAL
HL 130 BE,HL 130,LIBRETA MARNE BEIGE,5.282 ,NORMAL
HL 2010 A,HL 2010,LIBRETA GREEN PLANET AZUL,5.610 ,NORMAL
HL 2010 N,HL 2010,LIBRETA GREEN PLANET NEGRA,5.610 ,NORMAL
HL 2010 V,HL 2010,LIBRETA GREEN PLANET VERDE,5.610 ,NORMAL
HL 2050 A,HL 2050,LIBRETA RIDGE AZUL,15.595 ,NORMAL
HL 2050 N,HL 2050,LIBRETA RIDGE NEGRO,15.595 ,NORMAL
HL 2050 O,HL 2050,LIBRETA RIDGE NARANJA,15.595 ,NORMAL
HL 2050 V,HL 2050,LIBRETA RIDGE VERDE,15.595 ,NORMAL
HL 120 BE,HL 120,LIBRETA SAVOIA BEIGE,16.717 ,NORMAL
HL 4000 BE,HL 4000,LIBRETA VÉRTIGO BEIGE,13.240 ,NORMAL
HL 2040 V,HL 2040,LIBRETA ANTLIA VERDE,16.665 ,NORMAL
HL 180 A,HL 180,LIBRETA DETTIFOSS AZUL,21.952 ,NORMAL
HL 180 R,HL 180,LIBRETA DETTIFOSS ROJO,21.952 ,NORMAL
HL 170,HL 170,LIBRETA DOCTOR,16.092 ,NORMAL
HL 9030 R,HL 9030,LIBRETA ESVA ROJO,34.828 ,NORMAL
HL 010 A,HL 010,LIBRETA ALESA AZUL,20.832 ,NORMAL
HL 010 M,HL 010,LIBRETA ALESA MORADO,20.832 ,NORMAL
HL 9040 N,HL 9040,SET AITANA NEGRO,69.893 ,NORMAL
HL 035 N,HL 035,LIBRETA VINNYTSIA NEGRO,21.503 ,NORMAL
HL 195 A,HL 195,LIBRETA AVOIR AZUL,6.943 ,NORMAL
HL 195 N,HL 195,LIBRETA AVOIR NEGRO,6.943 ,NORMAL
HL 195 R,HL 195,LIBRETA AVOIR ROJO,6.943 ,NORMAL
SET 007 N,SET 007,KIT ADAPTADOR GOLDBERG,29.447 ,NORMAL
SET 012 S,SET 012,SET KLADNO,265.067 ,NORMAL
SET 008 N,SET 008,KIT POWER BANK UMBRIEL,153.782 ,NORMAL
SET 006 N,SET 006,KIT KEIBU,81.085 ,NORMAL
SOC 013 O,SOC 013,PELOTA ANTI-STRESS LISA NARANJA,4.060 ,NORMAL
AUD 016 G,AUD 016,AUDÍFONOS AULAVIK GRIS,157.572 ,NORMAL
AUD 027 B,AUD 027,AUDÍFONOS CICLE,9.677 ,NORMAL
Z 1100 G,Z 1100,BOCINA ROSTOV,293.793 ,NORMAL
Z 030 G,Z 030,BOCINA SANGEN,78.310 ,NORMAL
Z 1090 G,Z 1090,BOCINA VOLYNE,86.760 ,NORMAL
Z 1060 G,Z 1060,BOCINA LASSEN,253.473 ,NORMAL
Z 1080 B,Z 1080,BOCINA FRIBURGO BLANCO,81.268 ,NORMAL
Z 1080 N,Z 1080,BOCINA FRIBURGO NEGRO,81.268 ,NORMAL
AUD 029 N,AUD 029,AUDIFONOS PORTER NEGRO,105.347 ,NORMAL
Z 1170 N,Z 1170,BOCINA MAGIC NEGRO,49.598 ,NORMAL
Z 1190 BE,Z 1190,BOCINA RIOJA BEIGE,143.293 ,NORMAL
Z 1150 N,Z 1150,BOCINA JERTE,173.168 ,NORMAL
Z 1250 N,Z 1250,BOCINA MOPE,77.338 ,NORMAL
Z 1270 G,Z 1270,BOCINA LITT,58.328 ,NORMAL
IMP 001 A,IMP 001,IMPERMEABLE GRISEL AZUL,5.342 ,NORMAL
IMP 001 B,IMP 001,IMPERMEABLE GRISEL BLANCO,5.342 ,NORMAL
IMP 001 R,IMP 001,IMPERMEABLE GRISEL ROJO,5.342 ,NORMAL
SIN 255 A,SIN 255,LONCHERA JOKUL AZUL,48.677 ,NORMAL
SIN 255 G,SIN 255,LONCHERA JOKUL GRIS,48.677 ,NORMAL
SIN 255 R,SIN 255,LONCHERA JOKUL ROJO,48.677 ,NORMAL
SIN 450 A,SIN 450,LONCHERA ACTIVE AZUL,9.588 ,NORMAL
SIN 450 N,SIN 450,LONCHERA ACTIVE NEGRO,9.588 ,NORMAL
SIN 450 R,SIN 450,LONCHERA ACTIVE ROJO,9.588 ,NORMAL
SIN 263 A,SIN 263,LONCHERA BALK AZUL,46.345 ,NORMAL
SIN 263 G,SIN 263,LONCHERA BALK GRIS,46.345 ,NORMAL
SIN 263 R,SIN 263,LONCHERA BALK ROJO,46.345 ,NORMAL
KTC 601 BE,KTC 601,SET DE LONCHERA ECO THUN,80.088 ,NORMAL
SIN 501 A,SIN 501,HIELERA GALO AZUL,73.835 ,NORMAL
SIN 501 G,SIN 501,HIELERA GALO GRIS,73.835 ,NORMAL
SIN 511 A,SIN 511,LONCHERA ESTEFA AZUL,27.080 ,NORMAL
SIN 511 G,SIN 511,LONCHERA ESTEFA GRIS,27.080 ,NORMAL
SIN 511 N,SIN 511,LONCHERA ESTEFA NEGRO,27.080 ,NORMAL
SIN 511 O,SIN 511,LONCHERA ESTEFA NARANJA,27.080 ,NORMAL
SIN 511 P,SIN 511,LONCHERA ESTEFA ROSA,27.080 ,NORMAL
SIN 511 R,SIN 511,LONCHERA ESTEFA ROJO,27.080 ,NORMAL
SIN 511 V,SIN 511,LONCHERA ESTEFA VERDE,27.080 ,NORMAL
SIN 210 A,SIN 210,BOLSA COTTON SLIM AZUL,10.742 ,NORMAL
SIN 210 BE,SIN 210,BOLSA COTTON SLIM BEIGE,9.512 ,NORMAL
SIN 210 N,SIN 210,BOLSA COTTON SLIM NEGRO,10.742 ,NORMAL
SIN 210 R,SIN 210,BOLSA COTTON SLIM ROJO,10.742 ,NORMAL
SIN 114,SIN 114,BOLSA WINTER,23.465 ,NORMAL
SIN 320 BE,SIN 320,BOLSA LAPA,7.160 ,NORMAL
SIN 230,SIN-230,BOLSA ENVIRONMENT BEIGE,4.428 ,NORMAL
SIN 230 A,SIN-230,BOLSA ENVIRONMENT AZUL,4.428 ,NORMAL
SIN 230 B,SIN-230,BOLSA ENVIRONMENT BLANCO,4.428 ,NORMAL
SIN 230 N,SIN-230,BOLSA ENVIRONMENT NEGRO,4.428 ,NORMAL
SIN 230 R,SIN-230,BOLSA ENVIRONMENT ROJO,4.428 ,NORMAL
SIN 230 V,SIN-230,BOLSA ENVIRONMENT VERDE,4.428 ,NORMAL
SIN 164 N,SIN 164,BOLSA AKUMAL NEGRO,1.157 ,NORMAL
SIN 111 A,SIN 111,BOLSA GERINE AZUL,6.712 ,NORMAL
SIN 111 R,SIN 111,BOLSA GERINE ROJO,6.712 ,NORMAL
SIN 131 A,SIN 131,BOLSA CIMBOA AZUL,2.593 ,NORMAL
SIN 131 B,SIN 131,BOLSA CIMBOA BLANCO,2.593 ,NORMAL
SIN 131 O,SIN 131,BOLSA CIMBOA NARANJA,2.593 ,NORMAL
SIN 131 R,SIN 131,BOLSA CIMBOA ROJO,2.593 ,NORMAL
SIN 131 V,SIN 131,BOLSA CIMBOA VERDE,2.593 ,NORMAL
SIN 138 A,SIN 138,BOLSA MEZZOLA AZUL,22.573 ,NORMAL
SIN 138 R,SIN 138,BOLSA MEZZOLA ROJO,22.573 ,NORMAL
SIN 147 A,SIN 147,BOLSA BAGGARA AZUL,3.058 ,NORMAL
SIN 147 P,SIN 147,BOLSA BAGGARA ROSA,3.058 ,NORMAL
SIN 147 R,SIN 147,BOLSA BAGGARA ROJO,3.058 ,NORMAL
SIN 147 Y,SIN 147,BOLSA BAGGARA AMARILLO,3.058 ,NORMAL
SIN 238 A,SIN 238,BOLSA TARAFA AZUL,3.948 ,NORMAL
SIN 238 N,SIN 238,BOLSA TARAFA NEGRO,3.948 ,NORMAL
SIN 238 R,SIN 238,BOLSA TARAFA ROJO,3.948 ,NORMAL
SIN 235 Y,SIN 235,BOLSA-MOCHILA ASTORGA AMARILLO,4.123 ,NORMAL
SIN 319 R,SIN 319,BOLSA-MOCHILA KARLOVAC ROJO,15.948 ,NORMAL
SIN 107 A,SIN 107,BOLSA-MOCHILA SIMME AZUL,6.495 ,NORMAL
SIN 107 B,SIN 107,BOLSA-MOCHILA SIMME BLANCO,6.495 ,NORMAL
SIN 107 R,SIN 107,BOLSA-MOCHILA SIMME ROJO,6.495 ,NORMAL
SIN 322 N,SIN 322,BOLSA- MOCHILA BAZMAN NEGRO,4.398 ,NORMAL
SIN 193 A,SIN 193,BOLSA SAGRES AZUL,16.778 ,NORMAL
SIN 193 N,SIN 193,BOLSA SAGRES NEGRO,16.778 ,NORMAL
SIN 193 R,SIN 193,BOLSA SAGRES ROJO,16.778 ,NORMAL
SIN 198 A,SIN 198,BOLSA BALLARAT AZUL,23.182 ,NORMAL
SIN 198 R,SIN 198,BOLSA BALLARAT ROJO,23.182 ,NORMAL
SIN 209 A,SIN 209,BOLSA LOARRE AZUL,2.268 ,NORMAL
SIN 209 B,SIN 209,BOLSA LOARRE BLANCO,2.268 ,NORMAL
SIN 209 N,SIN 209,BOLSA LOARRE NEGRO,2.268 ,NORMAL
SIN 209 O,SIN 209,BOLSA LOARRE NARANJA,2.268 ,NORMAL
SIN 209 R,SIN 209,BOLSA LOARRE ROJO,2.268 ,NORMAL
SIN 209 V,SIN 209,BOLSA LOARRE VERDE,2.268 ,NORMAL
SIN 209 Y,SIN 209,BOLSA LOARRE AMARILLO,2.268 ,NORMAL
SIN 211 A,SIN 211,BOLSA MALLORCA AZUL,2.438 ,NORMAL
SIN 211 B,SIN 211,BOLSA MALLORCA BLANCO,2.438 ,NORMAL
SIN 227 A,SIN 227,BOLSA-MOCHILA OSUNA AZUL,6.052 ,NORMAL
SIN 227 B,SIN 227,BOLSA-MOCHILA OSUNA BLANCA,6.052 ,NORMAL
SIN 227 N,SIN 227,BOLSA-MOCHILA OSUNA NEGRO,6.052 ,NORMAL
SIN 227 O,SIN 227,BOLSA-MOCHILA OSUNA NARANJA,6.052 ,NORMAL
SIN 227 P,SIN 227,BOLSA-MOCHILA OSUNA ROSA,6.052 ,NORMAL
SIN 227 R,SIN 227,BOLSA-MOCHILA OSUNA ROJO,6.052 ,NORMAL
SIN 227 V,SIN 227,BOLSA-MOCHILA OSUNA VERDE,6.052 ,NORMAL
SIN 227 Y,SIN 227,BOLSA-MOCHILA OSUNA AMARILLO,6.052 ,NORMAL
SIN 243 BE,SIN 243,BOLSA-MOCHILA CABS,13.547 ,NORMAL
SIN 098 A,SIN 098,MOCHILA AUNAT AZUL,23.688 ,NORMAL
SIN 098 N,SIN 098,MOCHILA AUNAT NEGRO,23.688 ,NORMAL
SIN 098 R,SIN 098,MOCHILA AUNAT ROJO,23.688 ,NORMAL
SIN 195 N,SIN 195,MOCHILA KONGUR,115.693 ,NORMAL
SIN 096 A,SIN 096,MOCHILA WALLY AZUL,63.408 ,NORMAL
SIN 096 G,SIN 096,MOCHILA WALLY GRIS,63.408 ,NORMAL
SIN 096 R,SIN 096,MOCHILA WALLY ROJO,63.408 ,NORMAL
SIN 415 G,SIN 415,MOCHILA SISAK GRIS,198.297 ,NORMAL
SIN 415 N,SIN 415,MOCHILA SISAK NEGRO,198.297 ,NORMAL
SIN 115 C,SIN 115,MOCHILA-PORTAFOLIO DARO,155.647 ,NORMAL
SIN 142 S,SIN 142,MOCHILA PORTA LAPTOP CORVUS,192.110 ,NORMAL
SIN 143 N,SIN 143,MOCHILA TROLLEY POLUX,223.055 ,NORMAL
SIN 069 N,SIN 069,MOCHILA-PORTAFOLIO KRONBERG,119.167 ,NORMAL
SIN 116 A,SIN 116,MOCHILA MASAI AZUL,235.437 ,NORMAL
SIN 116 R,SIN 116,MOCHILA MASAI ROJO,235.437 ,NORMAL
SIN 205 G,SIN 205,MOCHILA TROGIR,55.193 ,NORMAL
SIN 132 A,SIN 132,MALETA LYRA AZUL,32.390 ,NORMAL
SIN 132 P,SIN 132,MALETA LYRA ROSA,32.390 ,NORMAL
SIN 132 R,SIN 132,MALETA LYRA ROJO,32.390 ,NORMAL
SIN 132 V,SIN 132,MALETA LYRA VERDE,32.390 ,NORMAL
SIN 168 A,SIN 168,MALETA TABUSH AZUL,61.285 ,NORMAL
SIN 168 G,SIN 168,MALETA TABUSH GRIS,61.285 ,NORMAL
SIN 133 A,SIN 133,MALETA MING AZUL,47.393 ,NORMAL
SIN 133 R,SIN 133,MALETA MING ROJA,47.393 ,NORMAL
SIN 333 A,SIN 333,MALETA PACIFIC ISLAND AZUL,70.540 ,NORMAL
SIN 333 R,SIN 333,MALETA PACIFIC ISLAND ROJO,70.540 ,NORMAL
SIN 333 V,SIN 333,MALETA PACIFIC ISLAND VERDE,70.540 ,NORMAL
SIN 503 A,SIN 503,MALETA MORGAN AZUL,72.215 ,NORMAL
SIN 503 R,SIN 503,MALETA MORGAN ROJO,72.215 ,NORMAL
SIN 503 S,SIN 503,MALETA MORGAN PLATA,72.215 ,NORMAL
SIN 094 N,SIN 094,MALETA BIFROST,213.435 ,NORMAL
SIN 091 N,SIN 091,MALETA DEVONPORT,363.420 ,NORMAL
SIN 242 G,SIN 242,MALETA QUARTEIRA,78.465 ,NORMAL
SIN 294 A,SIN 294,MALETA IAN AZUL,71.752 ,NORMAL
SIN 294 G,SIN 294,MALETA IAN GRIS,71.752 ,NORMAL
PWT 030,PWT 030,SET ASTURIAS,78.233 ,NORMAL
PWT 100,PWT 100,SET BRIENZ,78.950 ,NORMAL
PWT 200,PWT 200,TABLA KAVERI,22.517 ,NORMAL
BBQ 003,BBQ 003,SET DE BBQ SNAZZY,109.117 ,NORMAL
SOC 013 R,SOC 013,PELOTA ANTI-STRESS LISA ROJO,4.060 ,NORMAL
BBQ 011 N,BBQ 011,SET BBQ TAROUDANT,67.687 ,NORMAL
BBQ 010,BBQ 010,SET DE BBQ WAHIBA,92.082 ,NORMAL
BBQ 013 N,BBQ 013,ASADOR  MAKY,187.635 ,NORMAL
BBQ 018 G,BBQ 018,SET DE BBQ MOLT,187.050 ,NORMAL
KTC 047 BE,KTC 047,SET DE UTENSILIOS QUINOA,44.748 ,NORMAL
KTC 006,KTC 006,SET BILBAO,56.418 ,NORMAL
HER 058 G,HER 058,SET DE JARDÍN VILLANDRY,66.750 ,NORMAL
KTC 200 N,KTC 200,SET DE PORTAVASOS PREMIUM,62.383 ,NORMAL
BAR 003 S,BAR 003,SET PARA VINOS ARENI PLATA,42.412 ,NORMAL
90300 N,90300,SACACORCHOS IRINA,21.315 ,NORMAL
BAR 009 G,BAR 009,PORTABOTELLAS VILNA,46.470 ,NORMAL
KTC 095 B,KTC 095,DESTAPADOR AKIL,4.905 ,NORMAL
BAR 013 S,BAR 013,LICORERA MOODGET,24.998 ,NORMAL
BAR 015 N,BAR 015,LICORERA CRAPSTONE,28.685 ,NORMAL
JM 050 N,JM 050,SET DE JUEGO ARUA,77.405 ,NORMAL
PRT 018 C,PRT 018,PORTARRETRATO AREZZO,29.758 ,NORMAL
PRT 001,PRT 001,PORTARRETRATO LIVING,17.362 ,NORMAL
PRT 005 B,PRT 005,PORTARRETRATO PAGLIA,15.172 ,NORMAL
PRT 080,PRT 080,PORTARRETRATO MINI CAPRI,8.882 ,NORMAL
LAM 300 P,LAM 300,LÁMPARA RIDER PLATA,5.333 ,NORMAL
HER 031 A,HER 031,DESARMADOR AZUER AZUL,3.888 ,NORMAL
HER 031 N,HER 031,DESARMADOR AZUER NEGRO,3.888 ,NORMAL
HER 031 R,HER 031,DESARMADOR AZUER ROJO,3.888 ,NORMAL
SOC 013 V,SOC 013,PELOTA ANTI-STRESS LISA VERDE,4.060 ,NORMAL
HER 06,HER 06,MINI NAVAJA BULLET,7.995 ,NORMAL
HER 08,HER 08,SET DE HERRAMIENTAS CONRAD,60.927 ,NORMAL
HER 010,HER 010,SET DE HERRAMIENTAS INDUSTRY,32.045 ,NORMAL
HER 023 N,HER 023,SET DE HERRAMIENTAS AUTHIE,60.730 ,NORMAL
HER 01,HER 01,MEDIDOR DE PRESIÓN EDFU,4.583 ,NORMAL
HER 047 N,HER 047,SET DE EMERGENCIA HUESCA,80.460 ,NORMAL
HER 043 A,HER 043,DESARMADOR-DESTAPADOR KIOWA AZUL,7.175 ,NORMAL
HER 043 B,HER 043,DESARMADOR-DESTAPADOR KIOWA BLANCO,7.175 ,NORMAL
HER 043 R,HER 043,DESARMADOR-DESTAPADOR KIOWA ROJO,7.175 ,NORMAL
HER 048 N,HER 048,SET DE HERRAMIENTAS PITCAIRN,32.478 ,NORMAL
HER 056 S,HER 056,SET DE HERRAMIENTAS CRISTOBAL,46.672 ,NORMAL
PT 0942,PT 0942,PASTILLERO FROSTY,5.853 ,NORMAL
SOC 013 Y,SOC 013,PELOTA ANTI-STRESS LISA AMARILLO,4.060 ,NORMAL
PT 588,PT 588,VASO PASTILLERO,5.310 ,NORMAL
PT 050 B,PT 050,PASTILLERO PÍLDORA,3.742 ,NORMAL
PT 200 B,PT 200,PASTILLERO AMBAÍ,977 ,NORMAL
PT 2166 A,PT 2166,PASTILLERO DELTA AZUL,2.330 ,NORMAL
PT 2166 B,PT 2166,PASTILLERO DELTA BLANCO,2.330 ,NORMAL
PT 2166 R,PT 2166,PASTILLERO DELTA ROJO,2.330 ,NORMAL
PT 2167,PT 2167,PASTILLERO SAO,1.568 ,NORMAL
SIN 520 N,SIN 520,COSMETIQUERA CHIC NEGRO,62.270 ,NORMAL
SIN 520 P,SIN 520,COSMETIQUERA CHIC ROSA,62.270 ,NORMAL
INF 100 A,INF 100,ALCANCÍA CUBOS AZUL,7.922 ,NORMAL
INF 100 B,INF 100,ALCANCÍA CUBOS BLANCO,7.922 ,NORMAL
INF 100 R,INF 100,ALCANCÍA CUBOS ROJO,7.922 ,NORMAL
INF 035,INF 035,ALCANCÍA CORAZÓN ROJO,8.222 ,NORMAL
INF 040 A,INF 040,ALCANCÍA PUERQUITO AZUL TRANSLÚCIDO,6.352 ,NORMAL
INF 040 BS,INF 040,ALCANCÍA PUERQUITO BLANCO SÓLIDO,6.352 ,NORMAL
INF 040 PS,INF 040,ALCANCÍA PUERQUITO ROSA SÓLIDO,6.352 ,NORMAL
INF 040 R,INF 040,ALCANCÍA PUERQUITO ROJO TRANSLÚCIDO,6.352 ,NORMAL
INF 040 V,INF 040,ALCANCÍA PUERQUITO VERDE TRANSLÚCIDO,6.352 ,NORMAL
INF 040 Y,INF 040,ALCANCÍA PUERQUITO AMARILLO TRANSLÚCIDO,6.352 ,NORMAL
GM 038 BE,GM 038,LIBRETA MONTAGNE,13.460 ,NORMAL
GM 039 BE,GM 039,LIBRETA CAMELOT,8.727 ,NORMAL
LEN 001 A,LEN 001,LENTES SUNSET AZUL,4.425 ,NORMAL
LEN 001 B,LEN 001,LENTES SUNSET BLANCO,4.425 ,NORMAL
LEN 001 N,LEN 001,LENTES SUNSET NEGRO,4.425 ,NORMAL
LEN 001 R,LEN 001,LENTES SUNSET ROJO,4.425 ,NORMAL
LEN 001 V,LEN 001,LENTES SUNSET VERDE,4.425 ,NORMAL
LEN 001 Y,LEN 001,LENTES SUNSET AMARILLO,4.425 ,NORMAL
LEN 003 A,LEN 003,LENTES TREVISO AZUL,8.485 ,NORMAL
LEN 003 N,LEN 003,LENTES TREVISO NEGRO,8.485 ,NORMAL
LEN 003 R,LEN 003,LENTES TREVISO ROJO,8.485 ,NORMAL
LEN 003 V,LEN 003,LENTES TREVISO VERDE,8.485 ,NORMAL
ABA 001 A,ABA 001,ABANICO SEAT AZUL,4.098 ,NORMAL
ABA 001 O,ABA 001,ABANICO SEAT NARANJA,4.098 ,NORMAL
ABA 001 R,ABA 001,ABANICO SEAT ROJO,4.098 ,NORMAL
ABA 001 V,ABA 001,ABANICO SEAT VERDE,4.098 ,NORMAL
PRO 115 A,PRO 115,IDENTIFICADOR ARMSTRONG AZUL,2.547 ,NORMAL
PRO 115 B,PRO 115,IDENTIFICADOR ARMSTRONG BLANCO,2.547 ,NORMAL
PRO 115 N,PRO 115,IDENTIFICADOR ARMSTRONG NEGRO,2.547 ,NORMAL
PRO 115 R,PRO 115,IDENTIFICADOR ARMSTRONG ROJO,2.547 ,NORMAL
SIN 420 N,SIN 420,PORTA DOCUMENTOS SIERO,18.350 ,NORMAL
SIN 751 N,SIN 751,NECESER BENARES NEGRO,62.445 ,NORMAL
SIN 870 N,SIN 870,SET ORGANIZADOR DE VIAJE CAVTAT NEGRO,70.940 ,NORMAL
KTC 041 N,KTC 041,SILLA HARRISON,93.740 ,NORMAL
TAZ 026 A,TAZ 026,TAZA RIMO AZUL,22.275 ,NORMAL
TAZ 026 N,TAZ 026,TAZA RIMO NEGRO,22.275 ,NORMAL
TAZ 026 O,TAZ 026,TAZA RIMO NARANJA,22.275 ,NORMAL
TAZ 026 R,TAZ 026,TAZA RIMO ROJO,22.275 ,NORMAL
TAZ 026 V,TAZ 026,TAZA RIMO VERDE,22.275 ,NORMAL
TAZ 028 B,TAZ 028,TAZA MORTERATSCH BLANCO,28.282 ,NORMAL
TAZ 028 G,TAZ 028,TAZA MORTERATSCH GRIS,28.282 ,NORMAL
TAZ 028 N,TAZ 028,TAZA MORTERATSCH NEGRO,28.282 ,NORMAL
TAZ 031 B,TAZ 031,TAZA FIORLAND BLANCO,37.588 ,NORMAL
TAZ 031 N,TAZ 031,TAZA FIORLAND NEGRO,37.588 ,NORMAL
TAZ 035 B,TAZ 035,TAZA PARA SUBLIMAR RANIJI,14.813 ,NORMAL
TAZ 052 BE,TAZ 052,TAZA ECO EVERTON BEIGE,6.042 ,NORMAL
TAZ 052 G,TAZ 052,TAZA ECO EVERTON GRIS,6.042 ,NORMAL
TAZ 052 N,TAZ 052,TAZA ECO EVERTON NEGRO,6.042 ,NORMAL
TMPS 102 A,TMPS 102,CILINDRO NUARANG AZUL,24.057 ,NORMAL
TMPS 102 R,TMPS 102,CILINDRO NUARANG ROJO,24.057 ,NORMAL
TMPS 102 S,TMPS 102,CILINDRO NUARANG PLATA,24.057 ,NORMAL
TMPS 49 B,TMPS 49,TERMO ALLALIN BLANCO,70.882 ,NORMAL
TMPS 49 N,TMPS 49,TERMO ALLALIN NEGRO,70.882 ,NORMAL
TMPS 49 S,TMPS 49,TERMO ALLALIN PLATA,70.882 ,NORMAL
TMPS 77 P,TMPS 77,TERMO YUKSHIN ROSA,58.883 ,NORMAL
SH 3550 AN,SH 3550,BOLÍGRAFO COLORS AZUL NEÓN,1.165 ,NORMAL
SH 3550 ON,SH 3550,BOLÍGRAFO COLORS NARANJA NEÓN,1.165 ,NORMAL
SH 3550 PN,SH 3550,BOLÍGRAFO COLORS ROSA NEÓN,1.165 ,NORMAL
SH 3550 VN,SH 3550,BOLÍGRAFO COLORS VERDE NEÓN,1.165 ,NORMAL
SH 3550 YN,SH 3550,BOLÍGRAFO COLORS AMARILLO NEÓN,1.165 ,NORMAL
AUD 001 B,AUD 001,AUDÍFONOS MEGA BEAT,49.297 ,NORMAL
AUD 009 A,AUD 009,AUDÍFONOS SPREE AZUL,8.360 ,NORMAL
AUD 009 B,AUD 009,AUDÍFONOS SPREE BLANCO,8.360 ,NORMAL
SIN 216 BE,SIN 216,BOLSA LAREDO BEIGE,4.092 ,NORMAL
PAR 021 A,PAR 021,PARAGUAS DALMAU AZUL,48.192 ,NORMAL
PAR 021 N,PAR 021,PARAGUAS DALMAU NEGRO,48.192 ,NORMAL
PAR 021 R,PAR 021,PARAGUAS DALMAU ROJO,48.192 ,NORMAL
AST 024 G,AST 024,ORGANIZADOR BÁRIK,33.898 ,NORMAL
SOC 011-09,SOC 011-09,CORAZÓN ANTI-STRESS,4.700 ,NORMAL
GEL 001 A,GEL 001,BOLÍGRAFO AQUAGEL AZUL,2.563 ,NORMAL
GEL 001 R,GEL 001,BOLÍGRAFO AQUAGEL ROJO,2.563 ,NORMAL
ECO 035 R,ECO 035,BOLÍGRAFO ZAMBEZE ROJO,1.620 ,NORMAL
ECO 035 V,ECO 035,BOLÍGRAFO ZAMBEZE VERDE,1.620 ,NORMAL
SH 2850 A,SH 2850,BOLÍGRAFO LIVENZA AZUL,2.523 ,NORMAL
SH 2850 R,SH 2850,BOLÍGRAFO LIVENZA ROJO,2.523 ,NORMAL
SH 2850 V,SH 2850,BOLÍGRAFO LIVENZA VERDE,2.523 ,NORMAL
EST 015 A,EST 015,SET COBALT AZUL,18.065 ,NORMAL
EST 015 R,EST 015,SET COBALT ROJO,18.065 ,NORMAL
EST 080 BE,EST 080,SET VERNAL BEIGE,9.632 ,NORMAL
ECO 060 A,ECO 060,BOLÍGRAFO MEGAN AZUL,1.555 ,NORMAL
ECO 060 P,ECO 060,BOLÍGRAFO MEGAN  ROSA,1.555 ,NORMAL
ECO 060 V,ECO 060,BOLÍGRAFO MEGAN  VERDE,1.555 ,NORMAL
ECO 060 Y,ECO 060,BOLÍGRAFO MEGAN AMARILLO,1.555 ,NORMAL
GEL 040 A,GEL 040,BOLÍGRAFO LOIRA AZUL,4.750 ,NORMAL
GEL 040 N,GEL 040,BOLÍGRAFO LOIRA NEGRO,4.750 ,NORMAL
GEL 040 R,GEL 040,BOLÍGRAFO LOIRA ROJO,4.750 ,NORMAL
HL 6035 B,HL 6035,PORTA NOTAS VENTALL BLANCO,3.935 ,NORMAL
HL 6035 R,HL 6035,PORTA NOTAS VENTALL ROJO,3.935 ,NORMAL
HL 61200 BE,HL 61200,PORTA NOTAS INZIA,10.938 ,NORMAL
HL 6030,HL 6030,PORTA NOTAS LULE,3.583 ,NORMAL
HL 9000 A,HL 9000,LIBRETA SOMBOR AZUL,29.407 ,NORMAL
HL 9000 R,HL 9000,LIBRETA SOMBOR ROJO,29.407 ,NORMAL
HL 2100 A,HL 2100,LIBRETA BOK AZUL,33.330 ,NORMAL
HL 2100 N,HL 2100,LIBRETA BOK NEGRO,33.330 ,NORMAL
CD 100 N,CD 100,COMPU-CLEAN NEGRO,3.777 ,NORMAL
MOP 002 N,MOP 002,MOUSE PAD RECTANGULAR NEGRO,4.448 ,NORMAL
SIN 122 N,SIN 122,LONCHERA OPOL,47.117 ,NORMAL
SIN 057 O,SIN 057,HIELERA KOSTA NARANJA,12.662 ,NORMAL
SIN 057 R,SIN 057,HIELERA KOSTA ROJO,12.662 ,NORMAL
SIN 057 V,SIN 057,HIELERA KOSTA VERDE,12.662 ,NORMAL
SIN 057 Y,SIN 057,HIELERA KOSTA AMARILLO,12.662 ,NORMAL
SIN 064 A,SIN 064,HIELERA JENA AZUL,75.095 ,NORMAL
SIN 064 R,SIN 064,HIELERA JENA ROJO,75.095 ,NORMAL
SIN 915 V,SIN 915,MOCHILA BITONO NOVA VERDE,79.163 ,NORMAL
SIN 038 R,SIN 038,MOCHILA EUROPE ROJA,31.358 ,NORMAL
SIN 010 A,SIN 010,MOCHILA VICTORY AZUL,112.128 ,NORMAL
SIN 120 A,SIN 120,MOCHILA MAURITANIA AZUL,34.718 ,NORMAL
SIN 120 N,SIN 120,MOCHILA MAURITANIA NEGRO,34.718 ,NORMAL
SIN 120 R,SIN 120,MOCHILA MAURITANIA ROJO,34.718 ,NORMAL
SIN 903 A,SIN 903,MOCHILA ADVENTURE AZUL,135.178 ,NORMAL
SIN 903 R,SIN 903,MOCHILA ADVENTURE ROJO,135.178 ,NORMAL
SIN 965 G,SIN 965,MOCHILA HAISLA GRIS,88.667 ,NORMAL
SIN 965 R,SIN 965,MOCHILA HAISLA ROJO,88.667 ,NORMAL
DPO 014,DPO 014,CAJA DE CRAYONES,1.342 ,NORMAL
DPO 026 A,DPO 026,LÁPIZ DE PLÁSTICO AZUL,413 ,NORMAL
DPO 026 B,DPO 026,LÁPIZ DE PLÁSTICO BLANCO,413 ,NORMAL
DPO 026 R,DPO 026,LÁPIZ DE PLÁSTICO ROJO,413 ,NORMAL
DPO 026 Y,DPO 026,LÁPIZ DE PLÁSTICO AMARILLO,413 ,NORMAL
ANF 017 H,ANF 017,CILINDRO TISZA HUMO,25.910 ,NORMAL
ANF 017 R,ANF 017,CILINDRO TISZA ROJO,25.910 ,NORMAL
ANF 017 V,ANF 017,CILINDRO TISZA VERDE,25.910 ,NORMAL
ANF 009 Y,ANF 009,CILINDRO SINKER AMARILLO TRANSLÚCIDO,7.270 ,NORMAL
TMPS 63 S,TMPS 63,TERMO CHONGTAR,21.452 ,NORMAL
TMPS 82 S,TMPS 82,TERMO BURGO,47.003 ,NORMAL
TMPS 64 S,TMPS 64,TERMO BROADPEAK PLATA,26.220 ,NORMAL
TMPS 125 S,TMPS 125,TERMO BRUCE,31.135 ,NORMAL
SH 1135 A,SH 1135,BOLÍGRAFO SLIM AZUL,688 ,NORMAL
SH 1135 B,SH 1135,BOLÍGRAFO SLIM BLANCO,688 ,NORMAL
SH 1135 N,SH 1135,BOLÍGRAFO SLIM NEGRO,688 ,NORMAL
SH 1135 R,SH 1135,BOLÍGRAFO SLIM ROJO,688 ,NORMAL
SH 2550 A,SH 2550,BOLÍGRAFO SONIX AZUL,1.968 ,NORMAL
SH 2550 O,SH 2550,BOLÍGRAFO SONIX NARANJA,1.968 ,NORMAL
SH 2550 R,SH 2550,BOLÍGRAFO SONIX ROJO,1.968 ,NORMAL
SH 2550 V,SH 2550,BOLÍGRAFO SONIX VERDE,1.968 ,NORMAL
SH 1405 AT,SH 1405,BOLÍGRAFO KIVU AZUL TRANSLÚCIDO,970 ,NORMAL
SH 1405 B,SH 1405,BOLÍGRAFO KIVU BLANCO,970 ,NORMAL
SH 1405 RT,SH 1405,BOLÍGRAFO KIVU ROJO TRANSLÚCIDO,970 ,NORMAL
SH 1405 VT,SH 1405,BOLÍGRAFO KIVU VERDE TRANSLÚCIDO,970 ,NORMAL
SH 1405 YT,SH 1405,BOLÍGRAFO KIVU AMARILLO TRANSLÚCIDO,970 ,NORMAL
SH 1610 G,SH 1610,BOLÍGRAFO GALEO GRIS METALIZADO,1.790 ,NORMAL
SH 2125 A,SH 2125,BOLÍGRAFO BONDI AZUL,4.125 ,NORMAL
SH 2125 B,SH 2125,BOLÍGRAFO BONDI BLANCO,4.125 ,NORMAL
SH 2125 O,SH 2125,BOLÍGRAFO BONDI NARANJA,4.125 ,NORMAL
SH 2125 V,SH 2125,BOLÍGRAFO BONDI VERDE,4.125 ,NORMAL
SH 2250 A,SH 2250,BOLÍGRAFO HISWA AZUL,1.367 ,NORMAL
SH 2250 B,SH 2250,BOLÍGRAFO HISWA BLANCO,1.367 ,NORMAL
SH 2250 O,SH 2250,BOLÍGRAFO HISWA NARANJA,1.367 ,NORMAL
SH 1875 S,SH 1875,BOLÍGRAFO NARA PLATA,2.670 ,NORMAL
SH 2460 A,SH 2460,BOLÍGRAFO SPINNER BOUVET AZUL,2.563 ,NORMAL
SH 2460 B,SH 2460,BOLÍGRAFO SPINNER BOUVET BLANCO,2.563 ,NORMAL
SH 2460 R,SH 2460,BOLÍGRAFO BOUVET ROJO,2.563 ,NORMAL
K 700 R,K 700,LLAVERO COCHINITO ROJO,1.632 ,NORMAL
PRO 030,PRO 030,PORTAGAFETE GAURI,7.317 ,NORMAL
PRO 055.,PRO 055,PORTA CLIPS IMANTADO ANTI-STRESS,14.917 ,NORMAL
HL 040 A,HL 040,PORTA NOTAS ERIA AZUL,4.905 ,NORMAL
HL 040 BE,HL 040,PORTA NOTAS ERIA BEIGE,4.905 ,NORMAL
HL 040 R,HL 040,PORTA NOTAS ERIA ROJO,4.905 ,NORMAL
HL 040 V,HL 040,PORTA NOTAS ERIA VERDE,4.905 ,NORMAL
HL 2023 N,HL 2023,LIBRETA BAIONA NEGRO,8.055 ,NORMAL
HL 2023 O,HL 2023,LIBRETA BAIONA NARANJA,8.055 ,NORMAL
HL 2023 R,HL 2023,LIBRETA BAIONA ROJO,8.055 ,NORMAL
HL 2021 R,HL 2021,LIBRETA SMYRNA ROJO,17.960 ,NORMAL
HL 015 A,HL 015,LIBRETA BARRON AZUL,7.795 ,NORMAL
HL 015 N,HL 015,LIBRETA BARRON NEGRO,7.795 ,NORMAL
HL 015 R,HL 015,LIBRETA BARRON ROJO,7.795 ,NORMAL
HL 015 V,HL 015,LIBRETA BARRON VERDE,7.795 ,NORMAL
HL 2010 R,HL 2010,LIBRETA GREEN PLANET ROJA,5.610 ,NORMAL
HL 110 BE,HL 110,LIBRETA ELSETER,4.500 ,NORMAL
HL 2050 R,HL 2050,LIBRETA RIDGE ROJO,15.595 ,NORMAL
HL 1100 C,HL 1100,LIBRETA JOLIET,23.818 ,NORMAL
HL 2040 C,HL 2040,LIBRETA ANTLIA CAFE,16.665 ,NORMAL
HL 2040 R,HL 2040,LIBRETA ANTLIA ROJO,16.665 ,NORMAL
HL 180 N,HL 180,LIBRETA DETTIFOSS NEGRO,21.952 ,NORMAL
HL 010 R,HL 010,LIBRETA ALESA ROJO,20.832 ,NORMAL
HL 010 V,HL 010,LIBRETA ALESA VERDE,20.832 ,NORMAL
HL 030 A,HL 030,LIBRETA KENYA AZUL,33.823 ,NORMAL
HL 030 G,HL 030,LIBRETA KENYA GRIS,33.823 ,NORMAL
HL 030 R,HL 030,LIBRETA KENYA ROJO,33.823 ,NORMAL
HL 9040 G,HL 9040,SET AITANA GRIS,69.893 ,NORMAL
HL 019 N,HL 019,LIBRETA SLOVIAN NEGRO,5.017 ,NORMAL
SIN 129 A,SIN 129,LONCHERA LILLE AZUL,16.527 ,NORMAL
SIN 129 R,SIN 129,LONCHERA LILLE ROJO,16.527 ,NORMAL
SIN 129 V,SIN 129,LONCHERA LILLE VERDE,16.527 ,NORMAL
SIN 245 A,SIN 245,LONCHERA LEDU AZUL,31.093 ,NORMAL
SIN 245 N,SIN 245,LONCHERA LEDU NEGRO,31.093 ,NORMAL
SIN 245 O,SIN 245,LONCHERA LEDU NARANJA,31.093 ,NORMAL
SIN 245 R,SIN 245,LONCHERA LEDU ROJO,31.093 ,NORMAL
SIN 245 V,SIN 245,LONCHERA LEDU VERDE,31.093 ,NORMAL
SIN 126 N,SIN 126,HIELERA BALTY NEGRO,51.463 ,NORMAL
SIN 155 N,SIN 155,LONCHERA LITUANIA,28.702 ,NORMAL
SIN 319 A,SIN 319,BOLSA-MOCHILA KARLOVAC AZUL,15.948 ,NORMAL
SIN 319 N,SIN 319,BOLSA-MOCHILA KARLOVAC NEGRO,15.948 ,NORMAL
SIN 322 A,SIN 322,BOLSA- MOCHILA BAZMAN AZUL,4.398 ,NORMAL
SIN 322 R,SIN 322,BOLSA- MOCHILA BAZMAN ROJO,4.398 ,NORMAL
SIN 404 N,SIN 404,MOCHILA ATENA,230.510 ,NORMAL
PRE 003,PRE 003,SET DE REGLA Y ACCESORIOS OBIDOS,6.272 ,NORMAL
INF 012,INF 012,ESTUCHE DE GEOMETRÍA,5.163 ,NORMAL
INF 013 A,INF 013,ESTUCHE URAL AZUL,6.018 ,NORMAL
INF 013 B,INF 013,ESTUCHE URAL BLANCO,6.018 ,NORMAL
INF 013 R,INF 013,ESTUCHE URAL ROJO,6.018 ,NORMAL
INF 014 BE,INF 014,CRAYONES CANAIMA,5.023 ,NORMAL
INF 210 B,INF 210,BOLSA PORTA LÁPICES SARGAS,2.478 ,NORMAL
SH 2250 R,SH 2250,BOLÍGRAFO HISWA ROJO,1.367 ,NORMAL
SH 2250 V,SH 2250,BOLÍGRAFO HISWA VERDE,1.367 ,NORMAL
AUD 007 S,AUD 007,AUDÍFONOS ZUK,6.390 ,NORMAL
CRG 021 N,CRG 021,POWER BANK ONUS,83.299 ,PRECIO ÚNICO
CRG 027 B,CRG 027,POWER BANK ALAID,51.341 ,PRECIO ÚNICO
CRG 028 B,CRG 028,POWER BANK MAVY,82.376 ,PRECIO ÚNICO
CEL 048 B,CEL 048,MOMO STICK TPU BLANCO,4.079 ,PRECIO ÚNICO
CEL 050 C,CEL 050,MOMO STICK CURPIEL CAFE,6.119 ,PRECIO ÚNICO
CEL 051 A,CEL 051,MOMO STICK GAMUZA AZUL,6.119 ,PRECIO ÚNICO
CEL 051 G,CEL 051,MOMO STICK GAMUZA GRIS,6.119 ,PRECIO ÚNICO
CEL 052 N,CEL 052,MOMO CLIP NEGRO,3.059 ,PRECIO ÚNICO
SOC 045,SOC 045,LLAVERO GOL,3.719 ,PRECIO ÚNICO
SOC 046,SOC 046,LLAVERO SOCCER KICK,4.954 ,PRECIO ÚNICO
SOC 047 G,SOC 047,LONCHERA SOCCER,18.485 ,PRECIO ÚNICO
SOC 090,SOC 090,SET BBQ SOCCER,30.825 ,PRECIO ÚNICO
SOC 125,SOC 125,MALETA BALÓN EXPANDIBLE,31.465 ,PRECIO ÚNICO
SOC 185 AS,SOC 185,CILINDRO PAMBOLERO AZUL SÓLIDO,2.666 ,PRECIO ÚNICO
SOC 185 BS,SOC 185,CILINDRO PAMBOLERO BLANCO SÓLIDO,2.666 ,PRECIO ÚNICO
SH 1460 A,SH 1460,BOLÍGRAFO VENTURE AZUL,385 ,PRECIO ÚNICO
SH 1460 M,SH 1460,BOLÍGRAFO VENTURE MORADO,385 ,PRECIO ÚNICO
SH 1460 N,SH 1460,BOLÍGRAFO VENTURE NEGRO,385 ,PRECIO ÚNICO
SH 1460 R,SH 1460,BOLÍGRAFO VENTURE ROJO,385 ,PRECIO ÚNICO
SH 1460 V,SH 1460,BOLÍGRAFO VENTURE VERDE,385 ,PRECIO ÚNICO
SH 1100 A,SH 1100,BOLÍGRAFO MASARYK AZUL,2.556 ,PRECIO ÚNICO
SH 1100 N,SH 1100,BOLÍGRAFO MASARYK NEGRO,2.556 ,PRECIO ÚNICO
SH 1100 R,SH 1100,BOLÍGRAFO MASARYK ROJO,2.556 ,PRECIO ÚNICO
USB 05,USB 05,BOLÍGRAFO USB 4 GB STERRA,51.825 ,PRECIO ÚNICO
SH 1920 S,SH 1920,BOLÍGRAFO USB 8 GB ELZ,27.949 ,PRECIO ÚNICO
SH 2200 G,SH 2200,BOLÍGRAFO USB 8 GB NEUSS,48.981 ,PRECIO ÚNICO
USB 021 N,USB 021,USB LLAVERO MARION 4 GB,16.221 ,PRECIO ÚNICO
USB 030 N,USB 030,USB BYTE 8 GB,21.056 ,PRECIO ÚNICO
ACC 001 S,ACC 001,PLACA METÁLICA CON GRABADO,3.846 ,PRECIO ÚNICO
USB 126 BE,USB 126,USB TIRRENO 8 GB,22.862 ,PRECIO ÚNICO
GEL 020 A,GEL 020,BOLÍGRAFO ALIS AZUL,612 ,LIQUIDACIÓN
GEL 020 N,GEL 020,BOLÍGRAFO ALIS NEGRO,612 ,LIQUIDACIÓN
GEL 020 V,GEL 020,BOLÍGRAFO ALIS VERDE,612 ,LIQUIDACIÓN
EST 025 R,EST 025,SET LOFTY ROJO,5.952 ,LIQUIDACIÓN
M 8500 B,M 8500,TARJETERO GLASBA,1.658 ,LIQUIDACIÓN
HL 6510 B,HL 6510,PORTA NOTAS LEZ,4.535 ,LIQUIDACIÓN
HL 6000 O,HL 6000,LIBRETA FUN-WORK NARANJA,2.172 ,LIQUIDACIÓN
SIN 065 A,SIN 065,BOLSA MALLORQUÍN AZUL,12.182 ,LIQUIDACIÓN
SIN 065 O,SIN 065,BOLSA MALLORQUÍN NARANJA,12.182 ,LIQUIDACIÓN
SIN 048 O,SIN 048,BOLSA AVERY NARANJA,1.951 ,LIQUIDACIÓN
SIN 048 R,SIN 048,BOLSA AVERY ROJO,1.951 ,LIQUIDACIÓN
SLD 057 B,SLD 057,CAJA SANITIZADORA-CARGADOR NAGOY,75.749 ,LIQUIDACIÓN
DAM 2123,DAM 2123,ESPEJO SLASH,985 ,LIQUIDACIÓN
ANF 022 AS,ANF 022,CILINDRO WESER AZUL SÓLIDO,4.152 ,LIQUIDACIÓN
ANF 022 VS,ANF 022,CILINDRO WESER VERDE SÓLIDO,4.152 ,LIQUIDACIÓN
ANF 022 YS,ANF 022,CILINDRO WESER AMARILLO SÓLIDO,4.152 ,LIQUIDACIÓN
ANF 009 BS,ANF 009,CILINDRO SINKER BLANCO SÓLIDO,3.720 ,LIQUIDACIÓN
ANF 009 OS,ANF 009,CILINDRO SINKER NARANJA SÓLIDO,3.720 ,LIQUIDACIÓN
ANF 009 VS,ANF 009,CILINDRO SINKER VERDE SÓLIDO,3.720 ,LIQUIDACIÓN
TMPS 30,TMPS 30,TERMO THUNDER,9.317 ,LIQUIDACIÓN
SH 1065 M,SH 1065,BOLÍGRAFO NAVIA MORADO,387 ,LIQUIDACIÓN
SH 1065 R,SH 1065,BOLÍGRAFO NAVIA ROJO,387 ,LIQUIDACIÓN
SH 1065 V,SH 1065,BOLÍGRAFO NAVIA VERDE,387 ,LIQUIDACIÓN
SH 1060 N,SH 1060,BOLÍGRAFO TAMY NEGRO,521 ,LIQUIDACIÓN
SH 1060 O,SH 1060,BOLÍGRAFO TAMY NARANJA,521 ,LIQUIDACIÓN
SH 1060 R,SH 1060,BOLÍGRAFO TAMY ROJO,521 ,LIQUIDACIÓN
SH 1060 V,SH 1060,BOLÍGRAFO TAMY VERDE,521 ,LIQUIDACIÓN
SH 1315 AC,SH 1315,BOLÍGRAFO OLEH AZUL CIELO,465 ,LIQUIDACIÓN
SH 1315 R,SH 1315,BOLÍGRAFO OLEH ROJO,465 ,LIQUIDACIÓN
SH 1315 V,SH 1315,BOLÍGRAFO OLEH VERDE,465 ,LIQUIDACIÓN
SH 1530 A,SH 1530,BOLÍGRAFO DESTINY AZUL,535 ,LIQUIDACIÓN
SH 1530 R,SH 1530,BOLÍGRAFO DESTINY ROJO,535 ,LIQUIDACIÓN
K 231 A,K 231,LLAVERO CASTEL AZUL,1.557 ,LIQUIDACIÓN
K 231 N,K 231,LLAVERO CASTEL NEGRO,1.557 ,LIQUIDACIÓN
K 231 R,K 231,LLAVERO CASTEL ROJO,1.557 ,LIQUIDACIÓN
HL 3500 A,HL 3500,MINI LIBRETA EXPO CON CORDÓN AZUL,1.526 ,LIQUIDACIÓN
HL 1600 A,HL 1600,LIBRETA CARDEX AZUL,2.650 ,LIQUIDACIÓN
HL 1600 C,HL 1600,LIBRETA CARDEX CAFE,2.650 ,LIQUIDACIÓN
HL 1600 R,HL 1600,LIBRETA CARDEX ROJO,2.650 ,LIQUIDACIÓN
HL 420 R,HL 420,LIBRETA ERBIL ROJO,3.827 ,LIQUIDACIÓN
HL 420 V,HL 420,LIBRETA ERBIL VERDE,3.827 ,LIQUIDACIÓN
USB 031 A,USB 031,USB FLOPPY 8 GB AZUL,11.756 ,LIQUIDACIÓN
USB 031 N,USB 031,USB FLOPPY 8 GB NEGRO,11.756 ,LIQUIDACIÓN
USB 031 V,USB 031,USB FLOPPY 8 GB VERDE,11.756 ,LIQUIDACIÓN
SIN 065 P,SIN 065,BOLSA MALLORQUÍN ROSA,12.182 ,LIQUIDACIÓN
SIN 065 R,SIN 065,BOLSA MALLORQUÍN ROJO,12.182 ,LIQUIDACIÓN
SIN 065 V,SIN 065,BOLSA MALLORQUÍN VERDE,12.182 ,LIQUIDACIÓN
HER 041 A,HER 041,DESARMADOR INSER AZUL,3.221 ,LIQUIDACIÓN
HER 041 N,HER 041,DESARMADOR INSER NEGRO,3.221 ,LIQUIDACIÓN
61200,61200,SET PRINCE,58.862 ,NORMAL
851070,851070,SET PARA VINOS JUBA,107.657 ,NORMAL
851091,851091,SET PARA VINOS MEDITERRÁNEO,59.773 ,NORMAL
86400,86400,ESTUCHE PARA VINOS PALERMO,13.005 ,NORMAL
851056,851056,SET PARA VINOS CABERNET,94.597 ,NORMAL